id,project_id,project_name,latitude,longitude,area_hectares,land_type,ownership_status,acquisition_status,compensation_status,dispute_status,ownership_risk,legal_risk,compensation_risk,environmental_risk,social_risk,delay_risk,risk_score,risk_level,district,state,owner_reference,notes
NH44-001,NH44,NH-44 Expressway Corridor,21.26480220938319,79.60252651351118,8.45,agricultural,private_multiple,not_started,disputed,minor_dispute,9,7,7,6,6,9,73.5,High,Nagpur,Maharashtra,OWNER-NH44-001,Prototype Dataset
NH44-002,NH44,NH-44 Expressway Corridor,21.056577353782156,79.17808773014977,11.71,industrial,private_single,disputed,assessed,minor_dispute,2,4,3,5,5,6,38.5,Medium,Nagpur,Maharashtra,OWNER-NH44-002,Prototype Dataset
NH44-003,NH44,NH-44 Expressway Corridor,21.486553769705875,79.75702186251632,13.58,forest,disputed,not_started,disputed,court_case,10,7,7,7,10,10,82.0,Critical,Nagpur,Maharashtra,OWNER-NH44-003,Prototype Dataset
NH44-004,NH44,NH-44 Expressway Corridor,21.371455286553623,79.01747362285717,8.12,agricultural,private_single,lapsed,partially_paid,minor_dispute,4,2,6,5,2,3,37.5,Medium,Nagpur,Maharashtra,OWNER-NH44-004,Prototype Dataset
NH44-005,NH44,NH-44 Expressway Corridor,21.07303218189664,79.73504234885792,4.33,industrial,private_single,completed,fully_paid,no_dispute,1,2,0,2,1,0,11.0,Low,Nagpur,Maharashtra,OWNER-NH44-005,Prototype Dataset
NH44-006,NH44,NH-44 Expressway Corridor,21.074010331102528,79.22527106562389,12.43,industrial,private_single,completed,partially_paid,minor_dispute,5,3,2,4,6,6,39.5,Medium,Nagpur,Maharashtra,OWNER-NH44-006,Prototype Dataset
NH44-007,NH44,NH-44 Expressway Corridor,21.27466382049665,79.07883197133049,14.25,residential,private_single,not_started,partially_paid,minor_dispute,4,4,4,4,3,5,40.0,Medium,Nagpur,Maharashtra,OWNER-NH44-007,Prototype Dataset
NH44-008,NH44,NH-44 Expressway Corridor,21.361963163567065,79.73874979474459,5.57,industrial,private_single,completed,partially_paid,no_dispute,3,3,5,5,3,6,40.0,Medium,Nagpur,Maharashtra,OWNER-NH44-008,Prototype Dataset
NH44-009,NH44,NH-44 Expressway Corridor,21.450587810037756,79.36217617915943,7.71,commercial,private_single,lapsed,partially_paid,no_dispute,3,3,3,3,5,4,33.0,Medium,Nagpur,Maharashtra,OWNER-NH44-009,Prototype Dataset
NH44-010,NH44,NH-44 Expressway Corridor,21.1329090908254,79.50133137432259,14.83,industrial,private_multiple,not_started,disputed,minor_dispute,7,5,5,5,5,8,57.0,High,Nagpur,Maharashtra,OWNER-NH44-010,Prototype Dataset
NH44-011,NH44,NH-44 Expressway Corridor,21.09450650894371,79.00416414542023,3.02,forest,private_single,lapsed,fully_paid,no_dispute,0,1,3,2,1,3,15.5,Low,Nagpur,Maharashtra,OWNER-NH44-011,Prototype Dataset
NH44-012,NH44,NH-44 Expressway Corridor,21.387451750364942,79.72803802376424,13.69,forest,private_single,in_progress,fully_paid,no_dispute,0,2,3,1,1,0,13.5,Low,Nagpur,Maharashtra,OWNER-NH44-012,Prototype Dataset
NH44-013,NH44,NH-44 Expressway Corridor,21.330147985498215,79.22391149266161,6.98,forest,private_single,lapsed,approved,no_dispute,0,0,3,1,1,1,9.5,Low,Nagpur,Maharashtra,OWNER-NH44-013,Prototype Dataset
NH44-014,NH44,NH-44 Expressway Corridor,21.475586184487995,79.53586768514549,2.81,forest,private_single,lapsed,assessed,no_dispute,2,5,2,2,6,5,34.5,Medium,Nagpur,Maharashtra,OWNER-NH44-014,Prototype Dataset
NH44-015,NH44,NH-44 Expressway Corridor,21.449860390267396,79.50706280526265,11.11,commercial,private_multiple,lapsed,not_assessed,minor_dispute,9,9,7,6,5,7,75.5,Critical,Nagpur,Maharashtra,OWNER-NH44-015,Prototype Dataset
NH44-016,NH44,NH-44 Expressway Corridor,21.116726481077034,79.30840873968152,11.77,agricultural,private_single,lapsed,approved,no_dispute,2,3,3,2,3,2,25.5,Medium,Nagpur,Maharashtra,OWNER-NH44-016,Prototype Dataset
NH44-017,NH44,NH-44 Expressway Corridor,21.430178512586856,79.36314332876593,1.48,forest,private_single,not_started,fully_paid,no_dispute,3,2,1,0,3,0,16.0,Low,Nagpur,Maharashtra,OWNER-NH44-017,Prototype Dataset
NH44-018,NH44,NH-44 Expressway Corridor,21.280175641970796,79.13116234615994,13.89,industrial,disputed,disputed,disputed,court_case,7,7,10,10,10,9,85.5,Critical,Nagpur,Maharashtra,OWNER-NH44-018,Prototype Dataset
NH44-019,NH44,NH-44 Expressway Corridor,21.256334972751013,79.18339271023218,7.77,commercial,private_single,disputed,fully_paid,no_dispute,2,2,3,2,2,2,22.0,Low,Nagpur,Maharashtra,OWNER-NH44-019,Prototype Dataset
NH44-020,NH44,NH-44 Expressway Corridor,21.168364522971476,79.24622335822849,12.58,agricultural,private_single,completed,partially_paid,no_dispute,2,5,3,2,5,3,33.5,Medium,Nagpur,Maharashtra,OWNER-NH44-020,Prototype Dataset
NH44-021,NH44,NH-44 Expressway Corridor,21.336876779590558,79.53732923555826,12.62,agricultural,private_single,in_progress,fully_paid,no_dispute,2,3,1,3,1,0,19.0,Low,Nagpur,Maharashtra,OWNER-NH44-021,Prototype Dataset
NH44-022,NH44,NH-44 Expressway Corridor,21.018615705401324,79.28674605816953,6.85,forest,private_single,completed,partially_paid,minor_dispute,6,5,4,2,6,4,45.5,Medium,Nagpur,Maharashtra,OWNER-NH44-022,Prototype Dataset
NH44-023,NH44,NH-44 Expressway Corridor,21.387624798902912,79.47165166699943,1.61,agricultural,disputed,not_started,disputed,court_case,9,10,7,9,7,8,85.5,Critical,Nagpur,Maharashtra,OWNER-NH44-023,Prototype Dataset
NH44-024,NH44,NH-44 Expressway Corridor,21.348950690992982,79.23854556658192,9.97,residential,private_multiple,in_progress,disputed,major_dispute,7,8,9,9,5,7,77.5,Critical,Nagpur,Maharashtra,OWNER-NH44-024,Prototype Dataset
NH44-025,NH44,NH-44 Expressway Corridor,21.484934699873243,79.28690158322668,10.02,forest,private_single,lapsed,assessed,no_dispute,4,5,6,5,4,2,46.0,Medium,Nagpur,Maharashtra,OWNER-NH44-025,Prototype Dataset
NH44-026,NH44,NH-44 Expressway Corridor,21.279291263943765,79.54578274643728,5.36,commercial,private_single,lapsed,assessed,minor_dispute,5,3,2,4,3,6,36.5,Medium,Nagpur,Maharashtra,OWNER-NH44-026,Prototype Dataset
NH44-027,NH44,NH-44 Expressway Corridor,21.423118844345996,79.54281194603914,12.97,forest,private_single,in_progress,approved,no_dispute,0,3,1,0,2,1,12.5,Low,Nagpur,Maharashtra,OWNER-NH44-027,Prototype Dataset
NH44-028,NH44,NH-44 Expressway Corridor,21.412514492364974,79.31042463392208,4.37,agricultural,government,disputed,approved,no_dispute,0,2,3,1,0,1,13.5,Low,Nagpur,Maharashtra,OWNER-NH44-028,Prototype Dataset
NH44-029,NH44,NH-44 Expressway Corridor,21.23968337124578,79.03580706064503,5.2,agricultural,private_single,lapsed,assessed,minor_dispute,5,2,4,4,6,3,38.0,Medium,Nagpur,Maharashtra,OWNER-NH44-029,Prototype Dataset
NH44-030,NH44,NH-44 Expressway Corridor,21.29114946190167,79.12479172614266,3.09,residential,private_single,lapsed,partially_paid,no_dispute,5,3,2,2,2,5,31.5,Medium,Nagpur,Maharashtra,OWNER-NH44-030,Prototype Dataset
NH44-031,NH44,NH-44 Expressway Corridor,21.27766385440039,79.48726487196137,2.73,commercial,private_multiple,lapsed,disputed,minor_dispute,5,9,5,5,9,9,68.0,High,Nagpur,Maharashtra,OWNER-NH44-031,Prototype Dataset
NH44-032,NH44,NH-44 Expressway Corridor,21.008185182087967,79.58550033070328,2.81,forest,private_single,in_progress,partially_paid,minor_dispute,3,4,4,6,5,2,40.0,Medium,Nagpur,Maharashtra,OWNER-NH44-032,Prototype Dataset
NH44-033,NH44,NH-44 Expressway Corridor,21.44661436797715,79.59499662629729,12.09,agricultural,private_multiple,disputed,disputed,major_dispute,8,8,9,5,5,5,71.5,High,Nagpur,Maharashtra,OWNER-NH44-033,Prototype Dataset
NH44-034,NH44,NH-44 Expressway Corridor,21.248338409107312,79.39269127351217,1.99,commercial,government,in_progress,fully_paid,no_dispute,1,1,2,2,2,3,16.5,Low,Nagpur,Maharashtra,OWNER-NH44-034,Prototype Dataset
NH44-035,NH44,NH-44 Expressway Corridor,21.490774246281237,79.6294926313522,8.3,agricultural,private_single,in_progress,approved,no_dispute,2,0,2,3,1,1,14.5,Low,Nagpur,Maharashtra,OWNER-NH44-035,Prototype Dataset
NH44-036,NH44,NH-44 Expressway Corridor,21.247887723718335,79.26674702525521,10.74,commercial,government,disputed,fully_paid,no_dispute,2,1,1,2,3,1,15.5,Low,Nagpur,Maharashtra,OWNER-NH44-036,Prototype Dataset
NH44-037,NH44,NH-44 Expressway Corridor,21.17799448325034,79.7652125769785,1.6,residential,private_single,lapsed,partially_paid,minor_dispute,5,5,2,2,3,6,38.5,Medium,Nagpur,Maharashtra,OWNER-NH44-037,Prototype Dataset
NH44-038,NH44,NH-44 Expressway Corridor,21.050771980359617,79.15820368170398,1.53,industrial,government,not_started,fully_paid,no_dispute,1,3,2,2,2,1,19.5,Low,Nagpur,Maharashtra,OWNER-NH44-038,Prototype Dataset
NH44-039,NH44,NH-44 Expressway Corridor,21.195172107331455,79.7135210566076,1.51,agricultural,disputed,disputed,disputed,court_case,10,9,10,10,7,10,94.5,Critical,Nagpur,Maharashtra,OWNER-NH44-039,Prototype Dataset
NH44-040,NH44,NH-44 Expressway Corridor,21.275488272891042,79.06951365501637,13.58,commercial,private_single,in_progress,fully_paid,no_dispute,2,2,3,3,2,2,23.5,Low,Nagpur,Maharashtra,OWNER-NH44-040,Prototype Dataset
NH44-041,NH44,NH-44 Expressway Corridor,21.310048360844622,79.35789944037181,1.8,commercial,government,disputed,approved,no_dispute,2,2,3,3,2,3,24.5,Low,Nagpur,Maharashtra,OWNER-NH44-041,Prototype Dataset
NH44-042,NH44,NH-44 Expressway Corridor,21.34111960690428,79.3697668164051,6.9,residential,disputed,in_progress,disputed,court_case,9,10,10,10,7,10,95.0,Critical,Nagpur,Maharashtra,OWNER-NH44-042,Prototype Dataset
NH44-043,NH44,NH-44 Expressway Corridor,21.136184383071036,79.67646251368821,1.34,industrial,disputed,in_progress,disputed,court_case,8,10,8,10,10,10,92.0,Critical,Nagpur,Maharashtra,OWNER-NH44-043,Prototype Dataset
NH44-044,NH44,NH-44 Expressway Corridor,21.14244817397248,79.43584586331062,4.27,industrial,private_single,lapsed,assessed,minor_dispute,6,4,6,6,6,3,52.0,High,Nagpur,Maharashtra,OWNER-NH44-044,Prototype Dataset
NH44-045,NH44,NH-44 Expressway Corridor,21.125267982319432,79.21287473995014,6.63,forest,government,in_progress,fully_paid,no_dispute,3,0,1,2,1,3,15.0,Low,Nagpur,Maharashtra,OWNER-NH44-045,Prototype Dataset
NH44-046,NH44,NH-44 Expressway Corridor,21.314449177210438,79.44070231390684,10.08,industrial,disputed,disputed,disputed,court_case,10,8,7,9,8,8,83.5,Critical,Nagpur,Maharashtra,OWNER-NH44-046,Prototype Dataset
NH44-047,NH44,NH-44 Expressway Corridor,21.450365927428095,79.18714796380692,5.84,industrial,private_single,completed,assessed,minor_dispute,3,3,3,3,6,6,36.0,Medium,Nagpur,Maharashtra,OWNER-NH44-047,Prototype Dataset
NH44-048,NH44,NH-44 Expressway Corridor,21.375914510732464,79.17663250746622,9.29,agricultural,private_multiple,not_started,not_assessed,major_dispute,5,8,6,5,9,7,65.5,High,Nagpur,Maharashtra,OWNER-NH44-048,Prototype Dataset
NH44-049,NH44,NH-44 Expressway Corridor,21.00227447461085,79.60282042106364,6.45,industrial,disputed,completed,disputed,court_case,10,10,7,10,7,10,91.0,Critical,Nagpur,Maharashtra,OWNER-NH44-049,Prototype Dataset
NH44-050,NH44,NH-44 Expressway Corridor,21.44432198146817,79.13662106630827,13.5,industrial,private_single,completed,assessed,minor_dispute,4,5,5,5,4,3,45.0,Medium,Nagpur,Maharashtra,OWNER-NH44-050,Prototype Dataset
NH44-051,NH44,NH-44 Expressway Corridor,21.114849468279484,79.20259218513318,9.73,commercial,disputed,not_started,disputed,court_case,7,10,8,9,9,10,87.5,Critical,Nagpur,Maharashtra,OWNER-NH44-051,Prototype Dataset
NH44-052,NH44,NH-44 Expressway Corridor,21.435923992838795,79.33137851779817,4.79,residential,government,completed,approved,no_dispute,3,3,1,2,3,1,22.5,Low,Nagpur,Maharashtra,OWNER-NH44-052,Prototype Dataset
NH44-053,NH44,NH-44 Expressway Corridor,21.26567411563547,79.34050652244706,1.66,forest,private_single,in_progress,fully_paid,no_dispute,3,2,0,0,3,1,15.0,Low,Nagpur,Maharashtra,OWNER-NH44-053,Prototype Dataset
NH44-054,NH44,NH-44 Expressway Corridor,21.078313052151607,79.47397190247764,2.95,industrial,private_multiple,disputed,disputed,minor_dispute,7,8,6,6,9,5,69.0,High,Nagpur,Maharashtra,OWNER-NH44-054,Prototype Dataset
NH44-055,NH44,NH-44 Expressway Corridor,21.264151006006536,79.0833546288062,4.67,forest,disputed,completed,disputed,court_case,9,7,10,8,10,9,86.5,Critical,Nagpur,Maharashtra,OWNER-NH44-055,Prototype Dataset
NH44-056,NH44,NH-44 Expressway Corridor,21.028246011233215,79.65885380911703,8.95,forest,private_single,completed,partially_paid,no_dispute,3,5,3,6,4,6,43.5,Medium,Nagpur,Maharashtra,OWNER-NH44-056,Prototype Dataset
NH44-057,NH44,NH-44 Expressway Corridor,21.139173706581595,79.54646135300979,7.6,residential,private_single,in_progress,partially_paid,no_dispute,2,5,2,6,6,4,39.5,Medium,Nagpur,Maharashtra,OWNER-NH44-057,Prototype Dataset
NH44-058,NH44,NH-44 Expressway Corridor,21.030263787246945,79.1165419956477,0.71,forest,private_multiple,not_started,disputed,major_dispute,5,9,9,7,7,8,76.0,Critical,Nagpur,Maharashtra,OWNER-NH44-058,Prototype Dataset
NH44-059,NH44,NH-44 Expressway Corridor,21.329060592224543,79.27581374481379,3.62,commercial,government,lapsed,approved,no_dispute,0,2,3,0,3,3,17.0,Low,Nagpur,Maharashtra,OWNER-NH44-059,Prototype Dataset
NH44-060,NH44,NH-44 Expressway Corridor,21.19374280300089,79.03378641085293,12.04,forest,private_multiple,lapsed,not_assessed,minor_dispute,9,7,9,5,9,7,77.0,Critical,Nagpur,Maharashtra,OWNER-NH44-060,Prototype Dataset
NH44-061,NH44,NH-44 Expressway Corridor,21.138612511882357,79.10203151643051,4.94,forest,private_multiple,in_progress,disputed,minor_dispute,9,8,8,9,9,8,84.5,Critical,Nagpur,Maharashtra,OWNER-NH44-061,Prototype Dataset
NH44-062,NH44,NH-44 Expressway Corridor,21.147410535009833,79.37076316853006,1.54,commercial,private_multiple,completed,disputed,minor_dispute,9,9,6,9,5,7,78.0,Critical,Nagpur,Maharashtra,OWNER-NH44-062,Prototype Dataset
NH44-063,NH44,NH-44 Expressway Corridor,21.14823540242249,79.34419487470328,5.7,commercial,private_single,lapsed,assessed,no_dispute,4,5,4,5,2,5,43.0,Medium,Nagpur,Maharashtra,OWNER-NH44-063,Prototype Dataset
NH44-064,NH44,NH-44 Expressway Corridor,21.38420417980933,79.00725965369182,9.16,residential,private_single,not_started,fully_paid,no_dispute,1,2,0,3,0,1,12.5,Low,Nagpur,Maharashtra,OWNER-NH44-064,Prototype Dataset
NH44-065,NH44,NH-44 Expressway Corridor,21.43270044519601,79.21121803542397,9.57,forest,private_single,not_started,partially_paid,no_dispute,3,4,2,5,5,5,37.5,Medium,Nagpur,Maharashtra,OWNER-NH44-065,Prototype Dataset
NH44-066,NH44,NH-44 Expressway Corridor,21.441552632816883,79.55005994466049,5.96,commercial,private_single,completed,partially_paid,no_dispute,2,6,4,5,5,6,45.5,Medium,Nagpur,Maharashtra,OWNER-NH44-066,Prototype Dataset
NH44-067,NH44,NH-44 Expressway Corridor,21.21441914620878,79.18607726975296,2.76,residential,private_single,lapsed,approved,no_dispute,1,0,2,3,2,2,14.5,Low,Nagpur,Maharashtra,OWNER-NH44-067,Prototype Dataset
NH44-068,NH44,NH-44 Expressway Corridor,21.482443148527405,79.11780996858428,9.3,forest,disputed,not_started,disputed,court_case,9,7,10,10,8,9,87.5,Critical,Nagpur,Maharashtra,OWNER-NH44-068,Prototype Dataset
NH44-069,NH44,NH-44 Expressway Corridor,21.361909214316338,79.32114387833232,9.59,forest,private_multiple,disputed,not_assessed,major_dispute,5,9,6,5,8,7,67.0,High,Nagpur,Maharashtra,OWNER-NH44-069,Prototype Dataset
NH44-070,NH44,NH-44 Expressway Corridor,21.13236901501536,79.01251393898983,8.05,agricultural,government,lapsed,fully_paid,no_dispute,3,1,2,0,3,0,15.5,Low,Nagpur,Maharashtra,OWNER-NH44-070,Prototype Dataset
NH44-071,NH44,NH-44 Expressway Corridor,21.21650499781812,79.65429062664414,3.23,residential,private_single,in_progress,fully_paid,no_dispute,1,2,3,0,0,3,16.0,Low,Nagpur,Maharashtra,OWNER-NH44-071,Prototype Dataset
NH44-072,NH44,NH-44 Expressway Corridor,21.29687716132004,79.01061882331896,9.7,forest,private_multiple,lapsed,disputed,minor_dispute,9,6,5,6,5,5,62.0,High,Nagpur,Maharashtra,OWNER-NH44-072,Prototype Dataset
NH44-073,NH44,NH-44 Expressway Corridor,21.140337229863928,79.3647250304924,2.75,forest,private_single,lapsed,approved,no_dispute,0,3,0,3,3,1,16.0,Low,Nagpur,Maharashtra,OWNER-NH44-073,Prototype Dataset
NH44-074,NH44,NH-44 Expressway Corridor,21.01150159363143,79.06984751582152,7.6,commercial,disputed,in_progress,disputed,court_case,9,10,8,10,8,7,89.0,Critical,Nagpur,Maharashtra,OWNER-NH44-074,Prototype Dataset
NH44-075,NH44,NH-44 Expressway Corridor,21.40403713938351,79.26890792082871,13.83,forest,private_multiple,in_progress,disputed,major_dispute,8,6,7,6,6,8,68.0,High,Nagpur,Maharashtra,OWNER-NH44-075,Prototype Dataset
NH44-076,NH44,NH-44 Expressway Corridor,21.13617576670211,79.34505992926522,2.78,industrial,private_single,in_progress,approved,no_dispute,1,2,3,1,0,3,17.5,Low,Nagpur,Maharashtra,OWNER-NH44-076,Prototype Dataset
NH44-077,NH44,NH-44 Expressway Corridor,21.22004263230755,79.21712942474613,0.53,agricultural,private_multiple,not_started,not_assessed,major_dispute,6,9,7,5,5,8,69.0,High,Nagpur,Maharashtra,OWNER-NH44-077,Prototype Dataset
NH44-078,NH44,NH-44 Expressway Corridor,21.27552288705375,79.57037206629309,6.49,forest,government,disputed,fully_paid,no_dispute,3,3,2,2,1,3,24.5,Low,Nagpur,Maharashtra,OWNER-NH44-078,Prototype Dataset
NH44-079,NH44,NH-44 Expressway Corridor,21.113747139258688,79.54078502246662,13.92,agricultural,private_multiple,in_progress,not_assessed,minor_dispute,5,7,9,5,9,6,68.0,High,Nagpur,Maharashtra,OWNER-NH44-079,Prototype Dataset
NH44-080,NH44,NH-44 Expressway Corridor,21.403773454608725,79.45447263655662,4.21,agricultural,private_single,in_progress,assessed,no_dispute,3,3,6,4,5,6,42.5,Medium,Nagpur,Maharashtra,OWNER-NH44-080,Prototype Dataset
NH44-081,NH44,NH-44 Expressway Corridor,21.21310132776135,79.09564221742765,5.82,industrial,private_multiple,lapsed,disputed,major_dispute,5,8,6,9,6,9,70.5,High,Nagpur,Maharashtra,OWNER-NH44-081,Prototype Dataset
NH44-082,NH44,NH-44 Expressway Corridor,21.08382801956464,79.35979260514276,11.38,commercial,private_multiple,in_progress,not_assessed,minor_dispute,8,6,5,9,8,7,69.5,High,Nagpur,Maharashtra,OWNER-NH44-082,Prototype Dataset
NH44-083,NH44,NH-44 Expressway Corridor,21.03793720911299,79.48665656058567,0.96,agricultural,government,not_started,approved,no_dispute,3,1,3,3,1,0,20.0,Low,Nagpur,Maharashtra,OWNER-NH44-083,Prototype Dataset
NH44-084,NH44,NH-44 Expressway Corridor,21.026069967665844,79.67339225249633,11.94,agricultural,private_multiple,disputed,not_assessed,major_dispute,7,9,6,8,7,5,72.5,High,Nagpur,Maharashtra,OWNER-NH44-084,Prototype Dataset
NH44-085,NH44,NH-44 Expressway Corridor,21.483192887334482,79.51802258570548,14.21,forest,government,in_progress,fully_paid,no_dispute,3,1,3,1,2,0,18.0,Low,Nagpur,Maharashtra,OWNER-NH44-085,Prototype Dataset
NH44-086,NH44,NH-44 Expressway Corridor,21.171018773382414,79.61346683667468,14.71,agricultural,disputed,lapsed,disputed,court_case,8,8,9,9,8,7,82.5,Critical,Nagpur,Maharashtra,OWNER-NH44-086,Prototype Dataset
NH44-087,NH44,NH-44 Expressway Corridor,21.098122175802054,79.1646765702058,2.59,industrial,private_single,completed,partially_paid,minor_dispute,6,6,4,6,5,5,54.0,High,Nagpur,Maharashtra,OWNER-NH44-087,Prototype Dataset
NH44-088,NH44,NH-44 Expressway Corridor,21.427382109625718,79.74596757166037,10.96,commercial,private_multiple,disputed,not_assessed,major_dispute,5,6,5,6,5,8,57.0,High,Nagpur,Maharashtra,OWNER-NH44-088,Prototype Dataset
NH44-089,NH44,NH-44 Expressway Corridor,21.248230167502033,79.77389584481277,5.72,agricultural,private_multiple,not_started,disputed,minor_dispute,9,6,9,5,5,5,68.5,High,Nagpur,Maharashtra,OWNER-NH44-089,Prototype Dataset
NH44-090,NH44,NH-44 Expressway Corridor,21.146676372449114,79.5864282746843,14.22,forest,private_multiple,completed,not_assessed,minor_dispute,7,7,6,7,7,5,66.0,High,Nagpur,Maharashtra,OWNER-NH44-090,Prototype Dataset
NH44-091,NH44,NH-44 Expressway Corridor,21.11667044914815,79.51423663132893,9.2,industrial,private_multiple,in_progress,disputed,major_dispute,8,8,5,8,5,9,72.0,High,Nagpur,Maharashtra,OWNER-NH44-091,Prototype Dataset
NH44-092,NH44,NH-44 Expressway Corridor,21.103805488435963,79.21515870746545,10.45,agricultural,private_single,lapsed,partially_paid,minor_dispute,5,3,4,6,5,2,41.5,Medium,Nagpur,Maharashtra,OWNER-NH44-092,Prototype Dataset
NH44-093,NH44,NH-44 Expressway Corridor,21.025064666860537,79.23446121692396,2.16,agricultural,private_multiple,not_started,disputed,major_dispute,6,5,8,7,5,5,61.0,High,Nagpur,Maharashtra,OWNER-NH44-093,Prototype Dataset
NH44-094,NH44,NH-44 Expressway Corridor,21.437205956746975,79.47631698433561,1.78,commercial,private_single,disputed,partially_paid,minor_dispute,2,5,6,3,2,4,39.0,Medium,Nagpur,Maharashtra,OWNER-NH44-094,Prototype Dataset
NH44-095,NH44,NH-44 Expressway Corridor,21.418836397183167,79.33282049619231,12.63,forest,private_multiple,lapsed,not_assessed,major_dispute,6,8,6,8,7,8,71.0,High,Nagpur,Maharashtra,OWNER-NH44-095,Prototype Dataset
NH44-096,NH44,NH-44 Expressway Corridor,21.196223284101563,79.67913248649045,1.07,forest,private_multiple,in_progress,not_assessed,minor_dispute,5,6,5,5,7,7,56.5,High,Nagpur,Maharashtra,OWNER-NH44-096,Prototype Dataset
NH44-097,NH44,NH-44 Expressway Corridor,21.396524382826048,79.03216573446974,3.34,industrial,disputed,disputed,disputed,court_case,7,7,8,8,10,8,77.5,Critical,Nagpur,Maharashtra,OWNER-NH44-097,Prototype Dataset
NH44-098,NH44,NH-44 Expressway Corridor,21.3738169033592,79.58973382341155,1.14,agricultural,private_multiple,disputed,not_assessed,major_dispute,7,8,9,6,6,5,72.0,High,Nagpur,Maharashtra,OWNER-NH44-098,Prototype Dataset
NH44-099,NH44,NH-44 Expressway Corridor,21.04356709955547,79.23478469455935,4.24,forest,private_multiple,in_progress,not_assessed,minor_dispute,5,9,6,6,8,9,70.5,High,Nagpur,Maharashtra,OWNER-NH44-099,Prototype Dataset
NH44-100,NH44,NH-44 Expressway Corridor,21.01020345427253,79.08806268797288,6.43,commercial,disputed,lapsed,disputed,court_case,10,7,9,8,8,8,83.5,Critical,Nagpur,Maharashtra,OWNER-NH44-100,Prototype Dataset
NH44-101,NH44,NH-44 Expressway Corridor,21.371268491700842,79.70632341033227,7.44,forest,private_single,completed,assessed,no_dispute,6,3,4,3,2,3,37.0,Medium,Nagpur,Maharashtra,OWNER-NH44-101,Prototype Dataset
NH44-102,NH44,NH-44 Expressway Corridor,21.3393205117369,79.03255760500464,14.59,agricultural,private_multiple,in_progress,not_assessed,major_dispute,9,9,8,6,7,9,81.5,Critical,Nagpur,Maharashtra,OWNER-NH44-102,Prototype Dataset
NH44-103,NH44,NH-44 Expressway Corridor,21.14713588786617,79.78097776515597,9.48,industrial,private_single,in_progress,partially_paid,minor_dispute,6,6,6,2,3,6,51.0,High,Nagpur,Maharashtra,OWNER-NH44-103,Prototype Dataset
NH44-104,NH44,NH-44 Expressway Corridor,21.330001386985224,79.48083422234221,10.01,industrial,disputed,disputed,disputed,court_case,7,9,8,8,10,7,81.5,Critical,Nagpur,Maharashtra,OWNER-NH44-104,Prototype Dataset
NH44-105,NH44,NH-44 Expressway Corridor,21.08840550736806,79.68375163767186,14.5,agricultural,disputed,not_started,disputed,court_case,8,7,10,9,7,9,83.0,Critical,Nagpur,Maharashtra,OWNER-NH44-105,Prototype Dataset
NH44-106,NH44,NH-44 Expressway Corridor,21.14733802069233,79.28898609215175,12.15,commercial,government,completed,approved,no_dispute,2,0,0,3,0,2,10.5,Low,Nagpur,Maharashtra,OWNER-NH44-106,Prototype Dataset
NH44-107,NH44,NH-44 Expressway Corridor,21.472958411492726,79.55594099673925,14.74,industrial,private_single,in_progress,partially_paid,no_dispute,6,4,2,5,3,3,39.5,Medium,Nagpur,Maharashtra,OWNER-NH44-107,Prototype Dataset
NH44-108,NH44,NH-44 Expressway Corridor,21.347084359373497,79.13921495824549,11.15,commercial,private_single,disputed,assessed,minor_dispute,3,2,5,5,5,4,37.5,Medium,Nagpur,Maharashtra,OWNER-NH44-108,Prototype Dataset
NH44-109,NH44,NH-44 Expressway Corridor,21.127553868511338,79.78123949470192,13.65,agricultural,disputed,lapsed,disputed,court_case,8,10,8,8,9,8,86.0,Critical,Nagpur,Maharashtra,OWNER-NH44-109,Prototype Dataset
NH44-110,NH44,NH-44 Expressway Corridor,21.474353976607535,79.16921964162863,9.01,agricultural,private_single,not_started,partially_paid,minor_dispute,4,3,3,3,3,2,31.0,Medium,Nagpur,Maharashtra,OWNER-NH44-110,Prototype Dataset
NH44-111,NH44,NH-44 Expressway Corridor,21.139871638589664,79.0091948485954,14.37,forest,private_single,completed,assessed,minor_dispute,4,4,5,5,4,6,45.5,Medium,Nagpur,Maharashtra,OWNER-NH44-111,Prototype Dataset
NH44-112,NH44,NH-44 Expressway Corridor,21.49734818774402,79.62107438809718,8.58,commercial,private_single,in_progress,assessed,no_dispute,6,6,6,3,2,3,48.5,Medium,Nagpur,Maharashtra,OWNER-NH44-112,Prototype Dataset
NH44-113,NH44,NH-44 Expressway Corridor,21.255843914175532,79.12229155390888,4.52,forest,private_single,disputed,partially_paid,minor_dispute,2,4,2,3,3,4,29.5,Medium,Nagpur,Maharashtra,OWNER-NH44-113,Prototype Dataset
NH44-114,NH44,NH-44 Expressway Corridor,21.40141105961314,79.10648630487476,7.11,forest,private_multiple,completed,disputed,major_dispute,5,7,8,5,6,5,62.0,High,Nagpur,Maharashtra,OWNER-NH44-114,Prototype Dataset
NH44-115,NH44,NH-44 Expressway Corridor,21.273709393447078,79.69004696230095,12.47,forest,government,in_progress,fully_paid,no_dispute,1,0,1,1,1,2,8.5,Low,Nagpur,Maharashtra,OWNER-NH44-115,Prototype Dataset
NH44-116,NH44,NH-44 Expressway Corridor,21.42152168185242,79.12667294110899,13.51,commercial,private_single,not_started,partially_paid,minor_dispute,3,2,6,5,4,5,39.5,Medium,Nagpur,Maharashtra,OWNER-NH44-116,Prototype Dataset
NH44-117,NH44,NH-44 Expressway Corridor,21.165752560771285,79.37085932159256,13.53,agricultural,private_single,disputed,fully_paid,no_dispute,1,2,0,1,3,1,12.5,Low,Nagpur,Maharashtra,OWNER-NH44-117,Prototype Dataset
NH44-118,NH44,NH-44 Expressway Corridor,21.473756869693933,79.762140161862,7.22,forest,disputed,in_progress,disputed,court_case,10,10,9,9,10,10,96.5,Critical,Nagpur,Maharashtra,OWNER-NH44-118,Prototype Dataset
NH44-119,NH44,NH-44 Expressway Corridor,21.399098002909,79.28252862237399,1.86,residential,disputed,not_started,disputed,court_case,8,9,8,9,7,7,82.0,Critical,Nagpur,Maharashtra,OWNER-NH44-119,Prototype Dataset
NH44-120,NH44,NH-44 Expressway Corridor,21.221407895533865,79.44471456662198,4.71,industrial,private_single,in_progress,assessed,no_dispute,2,4,6,5,4,6,43.5,Medium,Nagpur,Maharashtra,OWNER-NH44-120,Prototype Dataset
NH44-121,NH44,NH-44 Expressway Corridor,21.240306136970926,79.531449095719,5.92,commercial,private_multiple,disputed,disputed,minor_dispute,7,9,7,9,5,5,74.0,High,Nagpur,Maharashtra,OWNER-NH44-121,Prototype Dataset
NH44-122,NH44,NH-44 Expressway Corridor,21.279660828495025,79.16217579761648,9.17,commercial,private_single,completed,partially_paid,no_dispute,4,2,6,5,2,5,39.5,Medium,Nagpur,Maharashtra,OWNER-NH44-122,Prototype Dataset
NH44-123,NH44,NH-44 Expressway Corridor,21.1372868392517,79.41260686987762,13.86,residential,disputed,disputed,disputed,court_case,10,10,10,7,7,10,92.5,Critical,Nagpur,Maharashtra,OWNER-NH44-123,Prototype Dataset
NH44-124,NH44,NH-44 Expressway Corridor,21.023498364593433,79.15532659948752,3.01,forest,government,completed,fully_paid,no_dispute,1,1,1,0,2,0,8.5,Low,Nagpur,Maharashtra,OWNER-NH44-124,Prototype Dataset
NH44-125,NH44,NH-44 Expressway Corridor,21.304838973203566,79.05976447547029,4.05,commercial,private_multiple,lapsed,disputed,minor_dispute,7,6,9,7,5,8,70.5,High,Nagpur,Maharashtra,OWNER-NH44-125,Prototype Dataset
NH44-126,NH44,NH-44 Expressway Corridor,21.326293709092088,79.19001743932348,0.62,residential,private_single,in_progress,partially_paid,minor_dispute,6,2,4,5,4,4,40.5,Medium,Nagpur,Maharashtra,OWNER-NH44-126,Prototype Dataset
NH44-127,NH44,NH-44 Expressway Corridor,21.22269445305276,79.19668752954654,9.53,residential,private_single,not_started,assessed,minor_dispute,6,5,2,4,5,6,45.5,Medium,Nagpur,Maharashtra,OWNER-NH44-127,Prototype Dataset
NH44-128,NH44,NH-44 Expressway Corridor,21.478337816556138,79.55659142247617,2.34,commercial,private_single,in_progress,partially_paid,minor_dispute,2,6,5,4,6,5,46.0,Medium,Nagpur,Maharashtra,OWNER-NH44-128,Prototype Dataset
NH44-129,NH44,NH-44 Expressway Corridor,21.304381547309013,79.06294660947047,6.25,commercial,government,disputed,fully_paid,no_dispute,3,0,2,3,1,2,17.5,Low,Nagpur,Maharashtra,OWNER-NH44-129,Prototype Dataset
NH44-130,NH44,NH-44 Expressway Corridor,21.191314305152268,79.35529839605303,11.3,industrial,government,disputed,fully_paid,no_dispute,2,2,3,1,0,1,17.5,Low,Nagpur,Maharashtra,OWNER-NH44-130,Prototype Dataset
NH44-131,NH44,NH-44 Expressway Corridor,21.188897812848566,79.5814190754436,3.65,residential,private_multiple,not_started,disputed,major_dispute,7,7,8,8,8,8,75.5,Critical,Nagpur,Maharashtra,OWNER-NH44-131,Prototype Dataset
NH44-132,NH44,NH-44 Expressway Corridor,21.076475811989496,79.07983254718766,12.29,commercial,private_single,disputed,partially_paid,no_dispute,6,5,5,6,4,2,49.5,Medium,Nagpur,Maharashtra,OWNER-NH44-132,Prototype Dataset
NH44-133,NH44,NH-44 Expressway Corridor,21.398789440780963,79.71210572701818,11.7,residential,disputed,disputed,disputed,court_case,10,7,7,7,7,7,76.0,Critical,Nagpur,Maharashtra,OWNER-NH44-133,Prototype Dataset
NH44-134,NH44,NH-44 Expressway Corridor,21.014914409615084,79.19732057474982,9.41,residential,government,disputed,fully_paid,no_dispute,0,2,2,3,0,3,16.5,Low,Nagpur,Maharashtra,OWNER-NH44-134,Prototype Dataset
NH44-135,NH44,NH-44 Expressway Corridor,21.012581561552132,79.48851920172021,13.28,industrial,private_multiple,disputed,not_assessed,minor_dispute,8,9,7,5,9,6,75.0,High,Nagpur,Maharashtra,OWNER-NH44-135,Prototype Dataset
NH44-136,NH44,NH-44 Expressway Corridor,21.21803351558628,79.29310321926624,9.1,agricultural,private_single,not_started,approved,no_dispute,2,0,1,0,2,0,8.0,Low,Nagpur,Maharashtra,OWNER-NH44-136,Prototype Dataset
NH44-137,NH44,NH-44 Expressway Corridor,21.149273218759472,79.44357302769043,8.4,forest,government,lapsed,fully_paid,no_dispute,0,0,0,3,1,3,8.5,Low,Nagpur,Maharashtra,OWNER-NH44-137,Prototype Dataset
NH44-138,NH44,NH-44 Expressway Corridor,21.07781026043377,79.1898446188818,12.15,commercial,private_single,in_progress,fully_paid,no_dispute,3,0,1,1,1,2,12.5,Low,Nagpur,Maharashtra,OWNER-NH44-138,Prototype Dataset
NH44-139,NH44,NH-44 Expressway Corridor,21.111146835977436,79.26999647612458,14.08,forest,private_single,disputed,approved,no_dispute,2,3,1,2,0,0,16.5,Low,Nagpur,Maharashtra,OWNER-NH44-139,Prototype Dataset
NH44-140,NH44,NH-44 Expressway Corridor,21.439674251089126,79.5988380794315,1.56,industrial,disputed,lapsed,disputed,court_case,10,8,9,8,8,10,88.0,Critical,Nagpur,Maharashtra,OWNER-NH44-140,Prototype Dataset
NH44-141,NH44,NH-44 Expressway Corridor,21.44367522393404,79.32178792620584,8.21,residential,disputed,in_progress,disputed,court_case,7,8,10,8,9,8,83.0,Critical,Nagpur,Maharashtra,OWNER-NH44-141,Prototype Dataset
NH44-142,NH44,NH-44 Expressway Corridor,21.424692877748452,79.71492050599556,13.2,forest,private_multiple,completed,disputed,minor_dispute,8,7,7,7,7,9,74.0,High,Nagpur,Maharashtra,OWNER-NH44-142,Prototype Dataset
NH44-143,NH44,NH-44 Expressway Corridor,21.216412810748945,79.19180390163942,1.49,commercial,private_multiple,in_progress,not_assessed,major_dispute,9,7,9,8,9,9,83.5,Critical,Nagpur,Maharashtra,OWNER-NH44-143,Prototype Dataset
NH44-144,NH44,NH-44 Expressway Corridor,21.418593876846835,79.30294099798766,8.87,agricultural,private_multiple,not_started,not_assessed,minor_dispute,9,9,5,9,9,5,78.0,Critical,Nagpur,Maharashtra,OWNER-NH44-144,Prototype Dataset
NH44-145,NH44,NH-44 Expressway Corridor,21.003705527895974,79.14396731316606,0.59,industrial,private_multiple,completed,disputed,minor_dispute,7,8,6,8,8,8,74.0,High,Nagpur,Maharashtra,OWNER-NH44-145,Prototype Dataset
NH44-146,NH44,NH-44 Expressway Corridor,21.29545203716083,79.15079044203046,12.13,agricultural,private_single,disputed,fully_paid,no_dispute,0,1,3,0,0,3,11.5,Low,Nagpur,Maharashtra,OWNER-NH44-146,Prototype Dataset
NH44-147,NH44,NH-44 Expressway Corridor,21.465507448641958,79.46103717074274,6.34,agricultural,private_multiple,completed,disputed,minor_dispute,9,8,8,6,5,7,75.0,Critical,Nagpur,Maharashtra,OWNER-NH44-147,Prototype Dataset
NH44-148,NH44,NH-44 Expressway Corridor,21.16305819011532,79.39831563053144,10.65,industrial,private_multiple,in_progress,disputed,minor_dispute,5,9,5,9,6,6,68.0,High,Nagpur,Maharashtra,OWNER-NH44-148,Prototype Dataset
NH44-149,NH44,NH-44 Expressway Corridor,21.294170771378237,79.38559852881231,2.55,industrial,government,in_progress,approved,no_dispute,3,0,2,2,0,2,15.0,Low,Nagpur,Maharashtra,OWNER-NH44-149,Prototype Dataset
NH44-150,NH44,NH-44 Expressway Corridor,21.063937401089174,79.02889220959885,14.83,forest,private_single,lapsed,assessed,no_dispute,5,6,4,5,3,4,47.5,Medium,Nagpur,Maharashtra,OWNER-NH44-150,Prototype Dataset
NH44-151,NH44,NH-44 Expressway Corridor,21.426158720698634,79.3045806709612,13.17,commercial,private_multiple,completed,disputed,minor_dispute,7,5,7,8,8,7,67.5,High,Nagpur,Maharashtra,OWNER-NH44-151,Prototype Dataset
NH44-152,NH44,NH-44 Expressway Corridor,21.199669345696403,79.45147738516181,9.94,agricultural,private_single,disputed,approved,no_dispute,2,2,0,0,3,1,13.0,Low,Nagpur,Maharashtra,OWNER-NH44-152,Prototype Dataset
NH44-153,NH44,NH-44 Expressway Corridor,21.169728501114637,79.58072358263543,2.42,residential,private_single,not_started,partially_paid,minor_dispute,4,5,3,6,5,2,42.5,Medium,Nagpur,Maharashtra,OWNER-NH44-153,Prototype Dataset
NH44-154,NH44,NH-44 Expressway Corridor,21.315041071819593,79.34942651041465,10.49,commercial,private_single,disputed,fully_paid,no_dispute,3,2,0,2,0,1,15.0,Low,Nagpur,Maharashtra,OWNER-NH44-154,Prototype Dataset
NH44-155,NH44,NH-44 Expressway Corridor,21.030485267695244,79.25205777830712,5.85,industrial,government,completed,fully_paid,no_dispute,0,0,1,0,3,1,6.0,Low,Nagpur,Maharashtra,OWNER-NH44-155,Prototype Dataset
NH44-156,NH44,NH-44 Expressway Corridor,21.492982103871434,79.05803358148808,10.11,commercial,private_single,lapsed,partially_paid,minor_dispute,5,5,5,6,6,6,53.5,High,Nagpur,Maharashtra,OWNER-NH44-156,Prototype Dataset
NH44-157,NH44,NH-44 Expressway Corridor,21.123823316961552,79.26505631285725,2.56,forest,private_single,disputed,partially_paid,no_dispute,2,3,4,4,6,5,36.5,Medium,Nagpur,Maharashtra,OWNER-NH44-157,Prototype Dataset
NH44-158,NH44,NH-44 Expressway Corridor,21.008341301736742,79.52126004398794,13.42,agricultural,disputed,in_progress,disputed,court_case,8,9,7,7,8,10,81.0,Critical,Nagpur,Maharashtra,OWNER-NH44-158,Prototype Dataset
NH44-159,NH44,NH-44 Expressway Corridor,21.318538958189876,79.454665328566,9.97,residential,disputed,not_started,disputed,court_case,10,9,9,10,10,7,92.5,Critical,Nagpur,Maharashtra,OWNER-NH44-159,Prototype Dataset
NH44-160,NH44,NH-44 Expressway Corridor,21.401413901517355,79.48140227108456,12.55,industrial,government,completed,approved,no_dispute,2,2,2,3,3,0,20.5,Low,Nagpur,Maharashtra,OWNER-NH44-160,Prototype Dataset
NH44-161,NH44,NH-44 Expressway Corridor,21.277869840900973,79.33611777613196,3.74,agricultural,disputed,not_started,disputed,court_case,10,9,7,9,9,9,88.0,Critical,Nagpur,Maharashtra,OWNER-NH44-161,Prototype Dataset
NH44-162,NH44,NH-44 Expressway Corridor,21.184987176110234,79.21657234083064,13.41,agricultural,private_single,completed,assessed,no_dispute,2,4,6,6,6,3,44.0,Medium,Nagpur,Maharashtra,OWNER-NH44-162,Prototype Dataset
NH44-163,NH44,NH-44 Expressway Corridor,21.344766633770945,79.51556064611212,1.95,industrial,private_single,lapsed,approved,no_dispute,0,2,0,0,3,0,8.0,Low,Nagpur,Maharashtra,OWNER-NH44-163,Prototype Dataset
NH44-164,NH44,NH-44 Expressway Corridor,21.441249430611816,79.4285000091519,5.43,industrial,private_single,disputed,assessed,minor_dispute,3,4,5,6,2,3,40.0,Medium,Nagpur,Maharashtra,OWNER-NH44-164,Prototype Dataset
NH44-165,NH44,NH-44 Expressway Corridor,21.24978543202281,79.38023899177315,1.4,residential,private_single,in_progress,approved,no_dispute,0,3,0,1,0,2,11.0,Low,Nagpur,Maharashtra,OWNER-NH44-165,Prototype Dataset
NH44-166,NH44,NH-44 Expressway Corridor,21.479304113462504,79.72195758079341,5.47,agricultural,private_single,disputed,partially_paid,minor_dispute,3,6,4,3,5,2,40.5,Medium,Nagpur,Maharashtra,OWNER-NH44-166,Prototype Dataset
NH44-167,NH44,NH-44 Expressway Corridor,21.27614444926803,79.4014206668059,13.44,residential,government,completed,fully_paid,no_dispute,1,0,2,0,1,1,8.0,Low,Nagpur,Maharashtra,OWNER-NH44-167,Prototype Dataset
NH44-168,NH44,NH-44 Expressway Corridor,21.18976431218403,79.15411229851837,13.31,residential,government,in_progress,approved,no_dispute,1,1,2,2,3,0,14.5,Low,Nagpur,Maharashtra,OWNER-NH44-168,Prototype Dataset
NH44-169,NH44,NH-44 Expressway Corridor,21.095010272950184,79.70608378199726,5.92,residential,government,lapsed,fully_paid,no_dispute,0,2,2,3,2,2,17.5,Low,Nagpur,Maharashtra,OWNER-NH44-169,Prototype Dataset
NH44-170,NH44,NH-44 Expressway Corridor,21.069862463826194,79.72353014925481,3.44,agricultural,private_multiple,not_started,disputed,minor_dispute,5,8,6,9,7,6,68.5,High,Nagpur,Maharashtra,OWNER-NH44-170,Prototype Dataset
NH44-171,NH44,NH-44 Expressway Corridor,21.22608234219634,79.69728757486921,11.21,commercial,disputed,lapsed,disputed,court_case,9,8,8,10,10,8,87.0,Critical,Nagpur,Maharashtra,OWNER-NH44-171,Prototype Dataset
NH44-172,NH44,NH-44 Expressway Corridor,21.197976835998013,79.09920917458817,11.42,agricultural,private_multiple,completed,disputed,major_dispute,9,6,8,6,9,9,76.0,Critical,Nagpur,Maharashtra,OWNER-NH44-172,Prototype Dataset
NH44-173,NH44,NH-44 Expressway Corridor,21.4905240767912,79.23939611194561,1.91,agricultural,private_multiple,not_started,disputed,major_dispute,5,6,8,9,8,5,67.5,High,Nagpur,Maharashtra,OWNER-NH44-173,Prototype Dataset
NH44-174,NH44,NH-44 Expressway Corridor,21.049799320793372,79.05410390621743,12.25,commercial,private_single,lapsed,assessed,minor_dispute,4,5,2,3,3,6,38.0,Medium,Nagpur,Maharashtra,OWNER-NH44-174,Prototype Dataset
NH44-175,NH44,NH-44 Expressway Corridor,21.42836967840494,79.46493752557765,6.9,commercial,private_multiple,not_started,disputed,major_dispute,6,6,9,6,9,6,69.0,High,Nagpur,Maharashtra,OWNER-NH44-175,Prototype Dataset
NH44-176,NH44,NH-44 Expressway Corridor,21.314926540119593,79.64552561992605,0.51,commercial,private_multiple,in_progress,disputed,major_dispute,5,7,5,6,7,5,58.5,High,Nagpur,Maharashtra,OWNER-NH44-176,Prototype Dataset
NH44-177,NH44,NH-44 Expressway Corridor,21.433721114051917,79.48185371226296,7.81,commercial,private_multiple,not_started,not_assessed,minor_dispute,7,8,6,6,9,6,70.0,High,Nagpur,Maharashtra,OWNER-NH44-177,Prototype Dataset
NH44-178,NH44,NH-44 Expressway Corridor,21.40463095311068,79.28284058147517,12.19,industrial,disputed,completed,disputed,court_case,10,10,8,9,9,8,91.5,Critical,Nagpur,Maharashtra,OWNER-NH44-178,Prototype Dataset
NH44-179,NH44,NH-44 Expressway Corridor,21.49789164758459,79.05482060375219,12.74,residential,private_single,disputed,partially_paid,minor_dispute,3,5,5,4,5,2,41.5,Medium,Nagpur,Maharashtra,OWNER-NH44-179,Prototype Dataset
NH44-180,NH44,NH-44 Expressway Corridor,21.2473529310841,79.3937412864055,7.82,industrial,disputed,completed,disputed,court_case,8,10,7,7,10,8,83.5,Critical,Nagpur,Maharashtra,OWNER-NH44-180,Prototype Dataset
MPZ-001,MPZ,Mumbai-Pune Infrastructure Zone,18.72697584430624,73.61729412176255,9.16,industrial,private_single,lapsed,assessed,minor_dispute,5,6,5,4,6,3,50.0,Medium,Pune,Maharashtra,OWNER-MPZ-001,Prototype Dataset
MPZ-002,MPZ,Mumbai-Pune Infrastructure Zone,18.585115797849316,73.68356192981338,3.25,industrial,private_single,in_progress,assessed,minor_dispute,2,6,6,4,3,5,45.0,Medium,Pune,Maharashtra,OWNER-MPZ-002,Prototype Dataset
MPZ-003,MPZ,Mumbai-Pune Infrastructure Zone,18.686391870055544,73.85811927588585,3.18,residential,private_multiple,lapsed,disputed,major_dispute,8,7,9,5,7,6,72.0,High,Pune,Maharashtra,OWNER-MPZ-003,Prototype Dataset
MPZ-004,MPZ,Mumbai-Pune Infrastructure Zone,18.64378131163458,73.78381606201509,6.41,industrial,government,in_progress,approved,no_dispute,0,3,0,0,3,2,12.5,Low,Pune,Maharashtra,OWNER-MPZ-004,Prototype Dataset
MPZ-005,MPZ,Mumbai-Pune Infrastructure Zone,18.671919075086862,73.89532414388405,11.06,industrial,private_single,disputed,partially_paid,no_dispute,2,6,4,3,5,3,39.5,Medium,Pune,Maharashtra,OWNER-MPZ-005,Prototype Dataset
MPZ-006,MPZ,Mumbai-Pune Infrastructure Zone,18.62176465560719,73.8855097822539,3.36,agricultural,private_multiple,disputed,not_assessed,major_dispute,7,6,8,8,6,8,71.0,High,Pune,Maharashtra,OWNER-MPZ-006,Prototype Dataset
MPZ-007,MPZ,Mumbai-Pune Infrastructure Zone,18.68866950470304,73.94697474810891,2.76,forest,disputed,in_progress,disputed,court_case,10,9,8,9,10,10,92.0,Critical,Pune,Maharashtra,OWNER-MPZ-007,Prototype Dataset
MPZ-008,MPZ,Mumbai-Pune Infrastructure Zone,18.84234093199269,73.87301622831914,2.31,commercial,private_multiple,not_started,disputed,major_dispute,9,5,8,7,5,9,71.0,High,Pune,Maharashtra,OWNER-MPZ-008,Prototype Dataset
MPZ-009,MPZ,Mumbai-Pune Infrastructure Zone,18.600543215553635,73.88102588663459,7.09,industrial,private_single,disputed,assessed,no_dispute,6,2,2,3,2,2,29.5,Medium,Pune,Maharashtra,OWNER-MPZ-009,Prototype Dataset
MPZ-010,MPZ,Mumbai-Pune Infrastructure Zone,18.6169773985701,74.04905671188698,7.53,forest,disputed,completed,disputed,court_case,9,7,10,10,7,9,86.5,Critical,Pune,Maharashtra,OWNER-MPZ-010,Prototype Dataset
MPZ-011,MPZ,Mumbai-Pune Infrastructure Zone,18.46902669981381,73.89942745041786,9.56,commercial,private_multiple,completed,not_assessed,minor_dispute,9,6,9,5,6,5,69.5,High,Pune,Maharashtra,OWNER-MPZ-011,Prototype Dataset
MPZ-012,MPZ,Mumbai-Pune Infrastructure Zone,18.53936299131956,74.17518848520139,12.78,forest,disputed,disputed,disputed,court_case,7,9,7,9,9,9,82.0,Critical,Pune,Maharashtra,OWNER-MPZ-012,Prototype Dataset
MPZ-013,MPZ,Mumbai-Pune Infrastructure Zone,18.42583058264148,74.11879982200502,7.75,forest,private_multiple,completed,disputed,minor_dispute,6,5,6,5,7,6,57.0,High,Pune,Maharashtra,OWNER-MPZ-013,Prototype Dataset
MPZ-014,MPZ,Mumbai-Pune Infrastructure Zone,18.457065595333365,74.13317865211172,8.77,residential,private_single,disputed,fully_paid,no_dispute,1,2,3,2,0,1,17.0,Low,Pune,Maharashtra,OWNER-MPZ-014,Prototype Dataset
MPZ-015,MPZ,Mumbai-Pune Infrastructure Zone,18.401786035399088,73.9688807544666,9.77,forest,government,not_started,fully_paid,no_dispute,3,0,1,2,3,2,16.0,Low,Pune,Maharashtra,OWNER-MPZ-015,Prototype Dataset
MPZ-016,MPZ,Mumbai-Pune Infrastructure Zone,18.709037502349613,73.94086258387787,1.88,forest,private_multiple,completed,not_assessed,major_dispute,6,6,9,9,9,6,73.5,High,Pune,Maharashtra,OWNER-MPZ-016,Prototype Dataset
MPZ-017,MPZ,Mumbai-Pune Infrastructure Zone,18.42411803287897,73.93462600159587,2.0,industrial,government,not_started,fully_paid,no_dispute,0,0,3,3,1,1,12.5,Low,Pune,Maharashtra,OWNER-MPZ-017,Prototype Dataset
MPZ-018,MPZ,Mumbai-Pune Infrastructure Zone,18.45601563581223,74.18314062003114,7.74,agricultural,government,in_progress,fully_paid,no_dispute,2,2,0,2,2,3,17.0,Low,Pune,Maharashtra,OWNER-MPZ-018,Prototype Dataset
MPZ-019,MPZ,Mumbai-Pune Infrastructure Zone,18.4998110902947,73.74178856177666,7.96,industrial,private_single,disputed,assessed,no_dispute,5,2,2,6,2,2,32.0,Medium,Pune,Maharashtra,OWNER-MPZ-019,Prototype Dataset
MPZ-020,MPZ,Mumbai-Pune Infrastructure Zone,18.54830052510169,74.01466640737598,4.18,agricultural,private_single,not_started,fully_paid,no_dispute,0,3,1,3,1,3,18.0,Low,Pune,Maharashtra,OWNER-MPZ-020,Prototype Dataset
MPZ-021,MPZ,Mumbai-Pune Infrastructure Zone,18.63607287319025,74.10246582584615,9.27,commercial,private_single,in_progress,assessed,minor_dispute,4,4,2,6,3,2,36.0,Medium,Pune,Maharashtra,OWNER-MPZ-021,Prototype Dataset
MPZ-022,MPZ,Mumbai-Pune Infrastructure Zone,18.66347654871293,73.86048274299745,11.61,industrial,private_multiple,lapsed,disputed,minor_dispute,6,5,9,5,6,5,61.0,High,Pune,Maharashtra,OWNER-MPZ-022,Prototype Dataset
MPZ-023,MPZ,Mumbai-Pune Infrastructure Zone,18.49719145385669,74.18511920936,6.53,agricultural,government,disputed,fully_paid,no_dispute,0,1,0,1,0,3,7.0,Low,Pune,Maharashtra,OWNER-MPZ-023,Prototype Dataset
MPZ-024,MPZ,Mumbai-Pune Infrastructure Zone,18.79561374262475,73.84682983520078,13.06,industrial,disputed,in_progress,disputed,court_case,8,7,8,10,8,8,80.5,Critical,Pune,Maharashtra,OWNER-MPZ-024,Prototype Dataset
MPZ-025,MPZ,Mumbai-Pune Infrastructure Zone,18.82707323916757,73.78000500456847,8.62,agricultural,government,disputed,approved,no_dispute,1,1,1,3,0,1,12.0,Low,Pune,Maharashtra,OWNER-MPZ-025,Prototype Dataset
MPZ-026,MPZ,Mumbai-Pune Infrastructure Zone,18.78523261977475,73.63178698857561,13.69,agricultural,private_multiple,completed,not_assessed,minor_dispute,9,8,5,7,5,5,68.5,High,Pune,Maharashtra,OWNER-MPZ-026,Prototype Dataset
MPZ-027,MPZ,Mumbai-Pune Infrastructure Zone,18.806655051850818,73.6731614005505,8.07,commercial,private_single,not_started,partially_paid,no_dispute,4,6,6,5,3,4,49.5,Medium,Pune,Maharashtra,OWNER-MPZ-027,Prototype Dataset
MPZ-028,MPZ,Mumbai-Pune Infrastructure Zone,18.442945838926544,74.03165828262468,5.22,residential,government,not_started,approved,no_dispute,2,3,1,3,2,3,23.0,Low,Pune,Maharashtra,OWNER-MPZ-028,Prototype Dataset
MPZ-029,MPZ,Mumbai-Pune Infrastructure Zone,18.48265633030799,73.88844586954168,0.64,commercial,private_single,in_progress,approved,no_dispute,2,1,0,1,1,3,12.0,Low,Pune,Maharashtra,OWNER-MPZ-029,Prototype Dataset
MPZ-030,MPZ,Mumbai-Pune Infrastructure Zone,18.44825620308282,74.02868140767207,13.9,agricultural,private_single,completed,fully_paid,no_dispute,2,1,2,1,2,1,15.0,Low,Pune,Maharashtra,OWNER-MPZ-030,Prototype Dataset
MPZ-031,MPZ,Mumbai-Pune Infrastructure Zone,18.609750840711552,73.74710310283938,7.32,industrial,disputed,in_progress,disputed,court_case,9,10,10,9,10,10,96.5,Critical,Pune,Maharashtra,OWNER-MPZ-031,Prototype Dataset
MPZ-032,MPZ,Mumbai-Pune Infrastructure Zone,18.527829005285117,74.01425994224769,4.47,industrial,private_multiple,in_progress,disputed,major_dispute,7,7,6,7,5,5,64.0,High,Pune,Maharashtra,OWNER-MPZ-032,Prototype Dataset
MPZ-033,MPZ,Mumbai-Pune Infrastructure Zone,18.808135426976367,73.692664451014,11.27,forest,disputed,lapsed,disputed,court_case,10,9,9,10,9,10,94.5,Critical,Pune,Maharashtra,OWNER-MPZ-033,Prototype Dataset
MPZ-034,MPZ,Mumbai-Pune Infrastructure Zone,18.50145815008202,73.82406344026771,12.04,forest,private_single,disputed,approved,no_dispute,1,3,3,1,1,3,21.0,Low,Pune,Maharashtra,OWNER-MPZ-034,Prototype Dataset
MPZ-035,MPZ,Mumbai-Pune Infrastructure Zone,18.89132304165563,74.020247602569,14.69,commercial,private_single,disputed,partially_paid,minor_dispute,6,3,5,2,3,3,38.5,Medium,Pune,Maharashtra,OWNER-MPZ-035,Prototype Dataset
MPZ-036,MPZ,Mumbai-Pune Infrastructure Zone,18.447660969781086,73.76324188110655,13.78,industrial,private_single,lapsed,partially_paid,minor_dispute,3,2,5,5,5,2,35.5,Medium,Pune,Maharashtra,OWNER-MPZ-036,Prototype Dataset
MPZ-037,MPZ,Mumbai-Pune Infrastructure Zone,18.73545719866408,73.88740093240087,4.25,residential,private_multiple,disputed,disputed,minor_dispute,8,9,6,5,5,8,71.0,High,Pune,Maharashtra,OWNER-MPZ-037,Prototype Dataset
MPZ-038,MPZ,Mumbai-Pune Infrastructure Zone,18.57530312766735,74.13211276157604,6.23,residential,private_single,in_progress,approved,no_dispute,1,2,2,2,0,2,16.0,Low,Pune,Maharashtra,OWNER-MPZ-038,Prototype Dataset
MPZ-039,MPZ,Mumbai-Pune Infrastructure Zone,18.403424148399797,74.1466121204251,9.01,commercial,private_single,lapsed,assessed,minor_dispute,2,5,4,6,5,4,42.5,Medium,Pune,Maharashtra,OWNER-MPZ-039,Prototype Dataset
MPZ-040,MPZ,Mumbai-Pune Infrastructure Zone,18.768826879928742,74.15951337361123,12.29,commercial,private_multiple,in_progress,disputed,major_dispute,9,8,7,5,6,7,72.5,High,Pune,Maharashtra,OWNER-MPZ-040,Prototype Dataset
MPZ-041,MPZ,Mumbai-Pune Infrastructure Zone,18.67760101837482,73.80357036780202,3.43,agricultural,government,not_started,approved,no_dispute,0,0,1,2,0,2,7.0,Low,Pune,Maharashtra,OWNER-MPZ-041,Prototype Dataset
MPZ-042,MPZ,Mumbai-Pune Infrastructure Zone,18.55990679387782,73.83963090684169,10.02,agricultural,private_multiple,disputed,disputed,major_dispute,6,5,5,6,6,7,56.5,High,Pune,Maharashtra,OWNER-MPZ-042,Prototype Dataset
MPZ-043,MPZ,Mumbai-Pune Infrastructure Zone,18.410106194938493,74.02828953637645,3.59,commercial,disputed,not_started,disputed,court_case,10,7,9,9,10,7,86.0,Critical,Pune,Maharashtra,OWNER-MPZ-043,Prototype Dataset
MPZ-044,MPZ,Mumbai-Pune Infrastructure Zone,18.53335450036697,73.6909977030159,3.95,agricultural,private_multiple,completed,disputed,major_dispute,7,9,8,7,8,5,76.0,Critical,Pune,Maharashtra,OWNER-MPZ-044,Prototype Dataset
MPZ-045,MPZ,Mumbai-Pune Infrastructure Zone,18.45636787711052,73.80079085507289,11.25,agricultural,private_multiple,in_progress,disputed,minor_dispute,7,6,8,6,9,7,70.0,High,Pune,Maharashtra,OWNER-MPZ-045,Prototype Dataset
MPZ-046,MPZ,Mumbai-Pune Infrastructure Zone,18.431118208495974,73.93423252835808,8.4,industrial,government,disputed,approved,no_dispute,3,3,0,2,2,0,18.5,Low,Pune,Maharashtra,OWNER-MPZ-046,Prototype Dataset
MPZ-047,MPZ,Mumbai-Pune Infrastructure Zone,18.659823302693162,73.91655577894164,14.06,industrial,private_multiple,not_started,not_assessed,minor_dispute,9,6,6,5,5,9,66.5,High,Pune,Maharashtra,OWNER-MPZ-047,Prototype Dataset
MPZ-048,MPZ,Mumbai-Pune Infrastructure Zone,18.775790659242006,73.6607346660647,5.52,industrial,government,lapsed,approved,no_dispute,2,0,2,2,1,0,12.0,Low,Pune,Maharashtra,OWNER-MPZ-048,Prototype Dataset
MPZ-049,MPZ,Mumbai-Pune Infrastructure Zone,18.642683446836756,73.85452579775585,11.3,industrial,private_single,lapsed,partially_paid,no_dispute,6,4,3,2,6,4,41.0,Medium,Pune,Maharashtra,OWNER-MPZ-049,Prototype Dataset
MPZ-050,MPZ,Mumbai-Pune Infrastructure Zone,18.891179791592343,73.7905149695256,9.7,commercial,private_single,completed,fully_paid,no_dispute,1,3,2,0,2,2,17.5,Low,Pune,Maharashtra,OWNER-MPZ-050,Prototype Dataset
MPZ-051,MPZ,Mumbai-Pune Infrastructure Zone,18.457371103289187,73.9796729620101,3.49,forest,private_single,lapsed,assessed,no_dispute,5,2,2,3,6,5,34.5,Medium,Pune,Maharashtra,OWNER-MPZ-051,Prototype Dataset
MPZ-052,MPZ,Mumbai-Pune Infrastructure Zone,18.791991788168698,73.9372908760427,3.82,forest,private_single,completed,assessed,no_dispute,6,2,5,6,5,6,47.0,Medium,Pune,Maharashtra,OWNER-MPZ-052,Prototype Dataset
MPZ-053,MPZ,Mumbai-Pune Infrastructure Zone,18.50276074553118,73.97035987626349,0.51,industrial,private_multiple,completed,not_assessed,major_dispute,9,9,7,8,7,8,81.5,Critical,Pune,Maharashtra,OWNER-MPZ-053,Prototype Dataset
MPZ-054,MPZ,Mumbai-Pune Infrastructure Zone,18.47541222283203,73.96061777336674,11.17,commercial,private_single,completed,assessed,no_dispute,3,2,6,3,5,4,36.5,Medium,Pune,Maharashtra,OWNER-MPZ-054,Prototype Dataset
MPZ-055,MPZ,Mumbai-Pune Infrastructure Zone,18.73853593158526,74.01757275047646,13.09,agricultural,private_multiple,lapsed,disputed,minor_dispute,9,5,6,6,8,7,66.5,High,Pune,Maharashtra,OWNER-MPZ-055,Prototype Dataset
MPZ-056,MPZ,Mumbai-Pune Infrastructure Zone,18.6833664382353,74.11963948531857,9.93,residential,private_single,in_progress,partially_paid,no_dispute,2,2,3,6,3,2,29.0,Medium,Pune,Maharashtra,OWNER-MPZ-056,Prototype Dataset
MPZ-057,MPZ,Mumbai-Pune Infrastructure Zone,18.872231903885467,73.92303764593949,3.24,residential,private_multiple,not_started,disputed,minor_dispute,5,9,9,9,8,9,81.0,Critical,Pune,Maharashtra,OWNER-MPZ-057,Prototype Dataset
MPZ-058,MPZ,Mumbai-Pune Infrastructure Zone,18.53213901702193,73.92090369290686,12.97,residential,private_single,disputed,partially_paid,minor_dispute,5,4,4,5,4,3,42.5,Medium,Pune,Maharashtra,OWNER-MPZ-058,Prototype Dataset
MPZ-059,MPZ,Mumbai-Pune Infrastructure Zone,18.418525942423578,74.03422096223944,2.6,residential,private_single,not_started,assessed,minor_dispute,5,5,2,6,4,2,41.5,Medium,Pune,Maharashtra,OWNER-MPZ-059,Prototype Dataset
MPZ-060,MPZ,Mumbai-Pune Infrastructure Zone,18.71858644891846,74.13876610991035,1.78,agricultural,private_single,disputed,approved,no_dispute,3,1,2,0,0,2,14.5,Low,Pune,Maharashtra,OWNER-MPZ-060,Prototype Dataset
MPZ-061,MPZ,Mumbai-Pune Infrastructure Zone,18.6046597429972,73.60896218999358,14.36,industrial,private_single,not_started,partially_paid,minor_dispute,2,4,4,5,6,3,38.5,Medium,Pune,Maharashtra,OWNER-MPZ-061,Prototype Dataset
MPZ-062,MPZ,Mumbai-Pune Infrastructure Zone,18.519979349746034,73.6162962748884,3.19,industrial,private_single,completed,partially_paid,minor_dispute,4,3,3,3,4,3,33.0,Medium,Pune,Maharashtra,OWNER-MPZ-062,Prototype Dataset
MPZ-063,MPZ,Mumbai-Pune Infrastructure Zone,18.416944112575127,74.07375160136277,1.03,commercial,private_single,completed,partially_paid,minor_dispute,5,4,4,6,6,5,48.0,Medium,Pune,Maharashtra,OWNER-MPZ-063,Prototype Dataset
MPZ-064,MPZ,Mumbai-Pune Infrastructure Zone,18.487627627805235,74.1256234813357,13.33,commercial,private_single,in_progress,fully_paid,no_dispute,1,0,1,0,2,3,9.0,Low,Pune,Maharashtra,OWNER-MPZ-064,Prototype Dataset
MPZ-065,MPZ,Mumbai-Pune Infrastructure Zone,18.856228513185535,74.16065525852702,10.99,agricultural,government,completed,fully_paid,no_dispute,2,2,0,3,3,1,17.5,Low,Pune,Maharashtra,OWNER-MPZ-065,Prototype Dataset
MPZ-066,MPZ,Mumbai-Pune Infrastructure Zone,18.54088225979576,73.69557392179401,6.31,agricultural,private_multiple,completed,not_assessed,major_dispute,5,5,7,9,7,6,63.0,High,Pune,Maharashtra,OWNER-MPZ-066,Prototype Dataset
MPZ-067,MPZ,Mumbai-Pune Infrastructure Zone,18.523774581897484,74.08172316635417,6.0,residential,private_single,disputed,assessed,minor_dispute,2,4,6,5,3,4,40.5,Medium,Pune,Maharashtra,OWNER-MPZ-067,Prototype Dataset
MPZ-068,MPZ,Mumbai-Pune Infrastructure Zone,18.722138234528035,73.99580404358586,4.67,agricultural,private_single,in_progress,fully_paid,no_dispute,1,1,0,3,1,3,13.0,Low,Pune,Maharashtra,OWNER-MPZ-068,Prototype Dataset
MPZ-069,MPZ,Mumbai-Pune Infrastructure Zone,18.40516806767662,73.97642820352158,9.25,agricultural,private_single,in_progress,partially_paid,minor_dispute,6,4,6,2,2,4,43.0,Medium,Pune,Maharashtra,OWNER-MPZ-069,Prototype Dataset
MPZ-070,MPZ,Mumbai-Pune Infrastructure Zone,18.735383568961872,73.70081028495099,3.69,industrial,private_single,in_progress,fully_paid,no_dispute,3,1,1,1,2,3,17.0,Low,Pune,Maharashtra,OWNER-MPZ-070,Prototype Dataset
MPZ-071,MPZ,Mumbai-Pune Infrastructure Zone,18.86101826373329,73.8113473638558,12.82,industrial,private_single,in_progress,partially_paid,minor_dispute,3,3,5,5,6,3,40.0,Medium,Pune,Maharashtra,OWNER-MPZ-071,Prototype Dataset
MPZ-072,MPZ,Mumbai-Pune Infrastructure Zone,18.843970219303337,73.67959589701044,11.41,agricultural,private_single,disputed,assessed,minor_dispute,6,4,5,3,3,4,43.5,Medium,Pune,Maharashtra,OWNER-MPZ-072,Prototype Dataset
MPZ-073,MPZ,Mumbai-Pune Infrastructure Zone,18.801505270818257,74.0282575739733,1.03,forest,private_single,lapsed,partially_paid,no_dispute,3,4,5,4,2,5,39.0,Medium,Pune,Maharashtra,OWNER-MPZ-073,Prototype Dataset
MPZ-074,MPZ,Mumbai-Pune Infrastructure Zone,18.462894776435174,73.73958181649708,3.92,industrial,private_multiple,lapsed,disputed,minor_dispute,6,8,6,6,6,7,66.0,High,Pune,Maharashtra,OWNER-MPZ-074,Prototype Dataset
MPZ-075,MPZ,Mumbai-Pune Infrastructure Zone,18.800221909569014,74.06862927182348,5.19,industrial,private_single,completed,assessed,no_dispute,3,6,5,3,4,2,41.5,Medium,Pune,Maharashtra,OWNER-MPZ-075,Prototype Dataset
MPZ-076,MPZ,Mumbai-Pune Infrastructure Zone,18.704910190432667,73.93863309506979,14.78,forest,government,lapsed,fully_paid,no_dispute,0,2,2,1,0,3,13.5,Low,Pune,Maharashtra,OWNER-MPZ-076,Prototype Dataset
MPZ-077,MPZ,Mumbai-Pune Infrastructure Zone,18.633919737035615,74.158873578176,3.34,industrial,disputed,disputed,disputed,court_case,10,9,9,10,9,7,91.5,Critical,Pune,Maharashtra,OWNER-MPZ-077,Prototype Dataset
MPZ-078,MPZ,Mumbai-Pune Infrastructure Zone,18.43816005778166,74.08864728061671,7.03,industrial,private_single,completed,assessed,no_dispute,5,6,6,4,3,3,49.0,Medium,Pune,Maharashtra,OWNER-MPZ-078,Prototype Dataset
MPZ-079,MPZ,Mumbai-Pune Infrastructure Zone,18.48866574411382,73.7242506843713,5.36,agricultural,private_single,disputed,partially_paid,no_dispute,4,4,6,5,6,3,46.5,Medium,Pune,Maharashtra,OWNER-MPZ-079,Prototype Dataset
MPZ-080,MPZ,Mumbai-Pune Infrastructure Zone,18.466810479584463,73.88412773228269,9.25,agricultural,disputed,disputed,disputed,court_case,10,10,8,9,7,8,89.5,Critical,Pune,Maharashtra,OWNER-MPZ-080,Prototype Dataset
MPZ-081,MPZ,Mumbai-Pune Infrastructure Zone,18.631429332854577,73.7210521938084,9.7,industrial,private_single,in_progress,assessed,no_dispute,3,5,4,6,5,2,42.5,Medium,Pune,Maharashtra,OWNER-MPZ-081,Prototype Dataset
MPZ-082,MPZ,Mumbai-Pune Infrastructure Zone,18.691643226704954,73.98851183953072,4.88,forest,private_single,in_progress,fully_paid,no_dispute,2,1,0,2,3,0,12.5,Low,Pune,Maharashtra,OWNER-MPZ-082,Prototype Dataset
MPZ-083,MPZ,Mumbai-Pune Infrastructure Zone,18.69538642861197,73.85581451172438,9.85,agricultural,disputed,not_started,disputed,court_case,8,8,9,10,10,8,87.0,Critical,Pune,Maharashtra,OWNER-MPZ-083,Prototype Dataset
MPZ-084,MPZ,Mumbai-Pune Infrastructure Zone,18.483197626206127,73.88861691889514,8.92,industrial,private_single,not_started,assessed,no_dispute,6,4,6,4,6,3,49.0,Medium,Pune,Maharashtra,OWNER-MPZ-084,Prototype Dataset
MPZ-085,MPZ,Mumbai-Pune Infrastructure Zone,18.793746008066247,74.11677927634645,9.81,commercial,government,lapsed,fully_paid,no_dispute,1,0,1,0,2,1,7.0,Low,Pune,Maharashtra,OWNER-MPZ-085,Prototype Dataset
MPZ-086,MPZ,Mumbai-Pune Infrastructure Zone,18.791180994223676,73.98029185871657,11.51,industrial,private_multiple,not_started,not_assessed,minor_dispute,6,8,6,5,7,8,66.5,High,Pune,Maharashtra,OWNER-MPZ-086,Prototype Dataset
MPZ-087,MPZ,Mumbai-Pune Infrastructure Zone,18.83460282014149,73.68674957107274,12.67,commercial,government,not_started,approved,no_dispute,0,3,0,2,3,0,13.5,Low,Pune,Maharashtra,OWNER-MPZ-087,Prototype Dataset
MPZ-088,MPZ,Mumbai-Pune Infrastructure Zone,18.890656908423033,74.10404312176858,14.32,commercial,private_multiple,completed,disputed,minor_dispute,7,5,5,7,9,6,62.0,High,Pune,Maharashtra,OWNER-MPZ-088,Prototype Dataset
MPZ-089,MPZ,Mumbai-Pune Infrastructure Zone,18.674792570866973,73.65820323603013,2.01,commercial,disputed,completed,disputed,court_case,7,9,8,10,8,7,82.5,Critical,Pune,Maharashtra,OWNER-MPZ-089,Prototype Dataset
MPZ-090,MPZ,Mumbai-Pune Infrastructure Zone,18.73765351929577,74.09796940639468,10.13,residential,private_multiple,in_progress,disputed,major_dispute,5,6,5,5,9,6,57.5,High,Pune,Maharashtra,OWNER-MPZ-090,Prototype Dataset
MPZ-091,MPZ,Mumbai-Pune Infrastructure Zone,18.8629766417346,73.76095812130339,6.11,agricultural,government,lapsed,approved,no_dispute,2,1,1,1,0,0,10.0,Low,Pune,Maharashtra,OWNER-MPZ-091,Prototype Dataset
MPZ-092,MPZ,Mumbai-Pune Infrastructure Zone,18.512526428082538,73.84656985835062,1.9,residential,disputed,lapsed,disputed,court_case,8,10,7,8,7,7,81.0,Critical,Pune,Maharashtra,OWNER-MPZ-092,Prototype Dataset
MPZ-093,MPZ,Mumbai-Pune Infrastructure Zone,18.556167035633173,73.7827590917648,13.08,residential,private_single,disputed,assessed,minor_dispute,4,2,5,4,5,2,36.0,Medium,Pune,Maharashtra,OWNER-MPZ-093,Prototype Dataset
MPZ-094,MPZ,Mumbai-Pune Infrastructure Zone,18.847290516720264,73.97547903039515,14.76,commercial,private_multiple,disputed,not_assessed,major_dispute,9,5,7,8,5,6,67.5,High,Pune,Maharashtra,OWNER-MPZ-094,Prototype Dataset
MPZ-095,MPZ,Mumbai-Pune Infrastructure Zone,18.503334905259884,74.04323791198628,14.63,agricultural,government,disputed,approved,no_dispute,3,2,0,2,3,0,17.0,Low,Pune,Maharashtra,OWNER-MPZ-095,Prototype Dataset
MPZ-096,MPZ,Mumbai-Pune Infrastructure Zone,18.526133612661372,73.99707884991062,7.18,forest,private_multiple,completed,not_assessed,minor_dispute,5,6,5,8,8,9,64.0,High,Pune,Maharashtra,OWNER-MPZ-096,Prototype Dataset
MPZ-097,MPZ,Mumbai-Pune Infrastructure Zone,18.82982278577025,73.60373475062532,8.21,forest,private_single,in_progress,assessed,no_dispute,5,4,5,6,4,5,48.0,Medium,Pune,Maharashtra,OWNER-MPZ-097,Prototype Dataset
MPZ-098,MPZ,Mumbai-Pune Infrastructure Zone,18.70012948372315,73.72674228936287,7.54,industrial,private_single,lapsed,assessed,minor_dispute,5,4,5,4,2,6,44.0,Medium,Pune,Maharashtra,OWNER-MPZ-098,Prototype Dataset
MPZ-099,MPZ,Mumbai-Pune Infrastructure Zone,18.63950704279139,74.19116491099959,7.46,residential,disputed,lapsed,disputed,court_case,10,8,8,9,10,10,89.5,Critical,Pune,Maharashtra,OWNER-MPZ-099,Prototype Dataset
MPZ-100,MPZ,Mumbai-Pune Infrastructure Zone,18.773127800734613,74.08850163087794,10.98,agricultural,private_single,not_started,fully_paid,no_dispute,1,2,1,1,1,3,14.5,Low,Pune,Maharashtra,OWNER-MPZ-100,Prototype Dataset
MPZ-101,MPZ,Mumbai-Pune Infrastructure Zone,18.81738507749891,73.8491654188633,10.87,commercial,private_single,completed,assessed,no_dispute,2,5,5,2,4,2,35.5,Medium,Pune,Maharashtra,OWNER-MPZ-101,Prototype Dataset
MPZ-102,MPZ,Mumbai-Pune Infrastructure Zone,18.496812902932923,73.80958261606656,1.92,residential,private_single,in_progress,fully_paid,no_dispute,3,2,0,2,2,2,18.0,Low,Pune,Maharashtra,OWNER-MPZ-102,Prototype Dataset
MPZ-103,MPZ,Mumbai-Pune Infrastructure Zone,18.741602328047836,74.09982541294842,1.05,industrial,disputed,in_progress,disputed,court_case,10,9,10,9,8,10,94.0,Critical,Pune,Maharashtra,OWNER-MPZ-103,Prototype Dataset
MPZ-104,MPZ,Mumbai-Pune Infrastructure Zone,18.467233916582572,73.87416838705097,12.11,forest,private_single,lapsed,approved,no_dispute,2,2,1,2,1,3,18.0,Low,Pune,Maharashtra,OWNER-MPZ-104,Prototype Dataset
MPZ-105,MPZ,Mumbai-Pune Infrastructure Zone,18.536128081167366,73.64281428809386,1.12,commercial,private_single,completed,approved,no_dispute,0,3,2,3,3,0,19.0,Low,Pune,Maharashtra,OWNER-MPZ-105,Prototype Dataset
MPZ-106,MPZ,Mumbai-Pune Infrastructure Zone,18.773205802018534,74.06575248462262,9.67,commercial,private_single,not_started,partially_paid,no_dispute,2,2,2,4,3,6,28.0,Medium,Pune,Maharashtra,OWNER-MPZ-106,Prototype Dataset
MPZ-107,MPZ,Mumbai-Pune Infrastructure Zone,18.76122495841197,73.95577263028235,1.49,agricultural,government,disputed,fully_paid,no_dispute,0,2,3,0,0,1,12.0,Low,Pune,Maharashtra,OWNER-MPZ-107,Prototype Dataset
MPZ-108,MPZ,Mumbai-Pune Infrastructure Zone,18.40079409811057,73.6086646735957,5.27,agricultural,private_single,completed,fully_paid,no_dispute,1,3,1,2,0,2,16.5,Low,Pune,Maharashtra,OWNER-MPZ-108,Prototype Dataset
MPZ-109,MPZ,Mumbai-Pune Infrastructure Zone,18.82493372993523,73.80866401552109,3.04,forest,private_multiple,disputed,disputed,major_dispute,8,6,8,9,7,8,75.5,Critical,Pune,Maharashtra,OWNER-MPZ-109,Prototype Dataset
MPZ-110,MPZ,Mumbai-Pune Infrastructure Zone,18.52129497167396,74.0525315118853,11.03,commercial,private_multiple,in_progress,disputed,major_dispute,7,8,6,7,5,8,69.5,High,Pune,Maharashtra,OWNER-MPZ-110,Prototype Dataset
MPZ-111,MPZ,Mumbai-Pune Infrastructure Zone,18.45993192820296,73.71418573287151,10.44,commercial,private_multiple,completed,disputed,major_dispute,9,7,8,7,7,6,75.0,High,Pune,Maharashtra,OWNER-MPZ-111,Prototype Dataset
MPZ-112,MPZ,Mumbai-Pune Infrastructure Zone,18.58363053014403,73.87552463945893,6.56,residential,disputed,disputed,disputed,court_case,8,10,7,10,9,9,88.0,Critical,Pune,Maharashtra,OWNER-MPZ-112,Prototype Dataset
MPZ-113,MPZ,Mumbai-Pune Infrastructure Zone,18.84507095766971,73.71242447105261,7.7,forest,private_multiple,disputed,not_assessed,minor_dispute,5,8,9,6,5,9,71.0,High,Pune,Maharashtra,OWNER-MPZ-113,Prototype Dataset
MPZ-114,MPZ,Mumbai-Pune Infrastructure Zone,18.84228299086005,73.98889048537936,14.22,residential,private_single,completed,assessed,minor_dispute,5,6,6,3,6,5,52.5,High,Pune,Maharashtra,OWNER-MPZ-114,Prototype Dataset
MPZ-115,MPZ,Mumbai-Pune Infrastructure Zone,18.716046636997376,73.78914081300795,2.42,commercial,government,in_progress,approved,no_dispute,3,2,2,0,0,3,18.0,Low,Pune,Maharashtra,OWNER-MPZ-115,Prototype Dataset
MPZ-116,MPZ,Mumbai-Pune Infrastructure Zone,18.78116345044225,74.04626875326687,11.69,industrial,private_single,completed,assessed,no_dispute,2,4,2,3,5,5,32.5,Medium,Pune,Maharashtra,OWNER-MPZ-116,Prototype Dataset
MPZ-117,MPZ,Mumbai-Pune Infrastructure Zone,18.57372131932869,73.75825655114166,12.91,residential,private_single,not_started,assessed,minor_dispute,2,5,3,5,3,3,36.0,Medium,Pune,Maharashtra,OWNER-MPZ-117,Prototype Dataset
MPZ-118,MPZ,Mumbai-Pune Infrastructure Zone,18.63373345952431,74.1864163965685,0.94,forest,private_single,completed,approved,no_dispute,3,0,1,1,1,0,10.5,Low,Pune,Maharashtra,OWNER-MPZ-118,Prototype Dataset
MPZ-119,MPZ,Mumbai-Pune Infrastructure Zone,18.70173464433493,73.86219289844087,3.51,industrial,disputed,lapsed,disputed,court_case,7,8,7,7,9,7,74.5,High,Pune,Maharashtra,OWNER-MPZ-119,Prototype Dataset
MPZ-120,MPZ,Mumbai-Pune Infrastructure Zone,18.832416019867033,73.61397064452754,14.59,forest,private_single,lapsed,assessed,no_dispute,3,6,3,5,5,4,43.5,Medium,Pune,Maharashtra,OWNER-MPZ-120,Prototype Dataset
MPZ-121,MPZ,Mumbai-Pune Infrastructure Zone,18.68216330792697,74.02662555282183,10.08,commercial,private_multiple,in_progress,not_assessed,minor_dispute,7,5,6,9,6,7,65.0,High,Pune,Maharashtra,OWNER-MPZ-121,Prototype Dataset
MPZ-122,MPZ,Mumbai-Pune Infrastructure Zone,18.66698976025047,73.99201167134956,3.78,forest,private_single,disputed,assessed,no_dispute,6,3,2,4,6,3,38.5,Medium,Pune,Maharashtra,OWNER-MPZ-122,Prototype Dataset
MPZ-123,MPZ,Mumbai-Pune Infrastructure Zone,18.8716183329001,73.97400984548393,3.71,forest,disputed,in_progress,disputed,court_case,10,8,10,8,10,8,90.0,Critical,Pune,Maharashtra,OWNER-MPZ-123,Prototype Dataset
MPZ-124,MPZ,Mumbai-Pune Infrastructure Zone,18.50518065165697,73.91313777232615,12.65,forest,government,disputed,approved,no_dispute,0,2,3,1,1,3,16.5,Low,Pune,Maharashtra,OWNER-MPZ-124,Prototype Dataset
MPZ-125,MPZ,Mumbai-Pune Infrastructure Zone,18.85337271664458,73.85583175408347,14.38,residential,private_single,lapsed,fully_paid,no_dispute,1,3,1,0,1,3,15.5,Low,Pune,Maharashtra,OWNER-MPZ-125,Prototype Dataset
MPZ-126,MPZ,Mumbai-Pune Infrastructure Zone,18.66357594842536,73.7935678713716,4.95,residential,government,lapsed,approved,no_dispute,2,1,3,2,0,3,18.5,Low,Pune,Maharashtra,OWNER-MPZ-126,Prototype Dataset
MPZ-127,MPZ,Mumbai-Pune Infrastructure Zone,18.49289388921464,74.16880948029906,11.65,residential,private_single,completed,partially_paid,no_dispute,2,2,2,5,2,3,25.5,Medium,Pune,Maharashtra,OWNER-MPZ-127,Prototype Dataset
MPZ-128,MPZ,Mumbai-Pune Infrastructure Zone,18.45948405466773,74.05141143631265,3.81,agricultural,private_single,disputed,partially_paid,minor_dispute,6,4,3,3,4,3,39.5,Medium,Pune,Maharashtra,OWNER-MPZ-128,Prototype Dataset
MPZ-129,MPZ,Mumbai-Pune Infrastructure Zone,18.714250037883744,74.19837486452148,13.66,commercial,private_multiple,lapsed,not_assessed,major_dispute,6,8,8,6,5,6,68.0,High,Pune,Maharashtra,OWNER-MPZ-129,Prototype Dataset
MPZ-130,MPZ,Mumbai-Pune Infrastructure Zone,18.495165561407195,73.67443303757194,2.68,commercial,private_multiple,lapsed,disputed,major_dispute,8,6,5,8,9,6,68.0,High,Pune,Maharashtra,OWNER-MPZ-130,Prototype Dataset
MPZ-131,MPZ,Mumbai-Pune Infrastructure Zone,18.881212135207907,74.08875818343232,8.3,residential,disputed,completed,disputed,court_case,8,10,10,8,10,10,93.0,Critical,Pune,Maharashtra,OWNER-MPZ-131,Prototype Dataset
MPZ-132,MPZ,Mumbai-Pune Infrastructure Zone,18.866053515335892,73.98387313997458,11.95,industrial,private_single,disputed,assessed,minor_dispute,2,6,3,4,6,6,43.0,Medium,Pune,Maharashtra,OWNER-MPZ-132,Prototype Dataset
MPZ-133,MPZ,Mumbai-Pune Infrastructure Zone,18.834822333334074,73.78690403893401,4.83,industrial,private_single,disputed,fully_paid,no_dispute,2,1,2,1,1,2,15.0,Low,Pune,Maharashtra,OWNER-MPZ-133,Prototype Dataset
MPZ-134,MPZ,Mumbai-Pune Infrastructure Zone,18.782523525464637,73.72953232305828,2.81,agricultural,private_single,not_started,partially_paid,minor_dispute,6,2,2,2,4,5,33.0,Medium,Pune,Maharashtra,OWNER-MPZ-134,Prototype Dataset
MPZ-135,MPZ,Mumbai-Pune Infrastructure Zone,18.600998549141398,74.13309017112063,12.35,forest,private_multiple,disputed,not_assessed,minor_dispute,9,9,8,8,8,9,85.5,Critical,Pune,Maharashtra,OWNER-MPZ-135,Prototype Dataset
MPZ-136,MPZ,Mumbai-Pune Infrastructure Zone,18.57894033066872,73.72898841346544,1.21,agricultural,private_multiple,disputed,not_assessed,major_dispute,5,8,7,9,9,7,73.5,High,Pune,Maharashtra,OWNER-MPZ-136,Prototype Dataset
MPZ-137,MPZ,Mumbai-Pune Infrastructure Zone,18.586964475831312,73.70654248195498,11.21,industrial,private_multiple,in_progress,not_assessed,minor_dispute,8,8,5,6,8,7,70.0,High,Pune,Maharashtra,OWNER-MPZ-137,Prototype Dataset
MPZ-138,MPZ,Mumbai-Pune Infrastructure Zone,18.553998141284936,73.78483693914666,7.63,forest,disputed,disputed,disputed,court_case,8,8,8,7,10,10,82.5,Critical,Pune,Maharashtra,OWNER-MPZ-138,Prototype Dataset
MPZ-139,MPZ,Mumbai-Pune Infrastructure Zone,18.58969024310941,73.85028790250034,11.36,residential,private_single,completed,partially_paid,no_dispute,2,4,3,5,4,3,34.5,Medium,Pune,Maharashtra,OWNER-MPZ-139,Prototype Dataset
MPZ-140,MPZ,Mumbai-Pune Infrastructure Zone,18.79628990350647,73.75098410555633,5.76,industrial,private_multiple,completed,disputed,minor_dispute,7,7,8,5,7,7,69.0,High,Pune,Maharashtra,OWNER-MPZ-140,Prototype Dataset
MPZ-141,MPZ,Mumbai-Pune Infrastructure Zone,18.80912959036029,73.76449125985707,5.28,forest,government,disputed,approved,no_dispute,3,3,1,0,2,0,17.5,Low,Pune,Maharashtra,OWNER-MPZ-141,Prototype Dataset
MPZ-142,MPZ,Mumbai-Pune Infrastructure Zone,18.537557542261208,74.18225556728363,0.51,industrial,disputed,disputed,disputed,court_case,7,9,8,10,9,9,85.5,Critical,Pune,Maharashtra,OWNER-MPZ-142,Prototype Dataset
MPZ-143,MPZ,Mumbai-Pune Infrastructure Zone,18.843477420495898,73.73108707352459,2.5,industrial,private_multiple,completed,not_assessed,minor_dispute,7,6,6,6,7,5,62.0,High,Pune,Maharashtra,OWNER-MPZ-143,Prototype Dataset
MPZ-144,MPZ,Mumbai-Pune Infrastructure Zone,18.80929401695846,73.99907352335067,12.85,residential,private_single,completed,fully_paid,no_dispute,0,3,2,2,1,1,16.5,Low,Pune,Maharashtra,OWNER-MPZ-144,Prototype Dataset
MPZ-145,MPZ,Mumbai-Pune Infrastructure Zone,18.792184905243328,74.18983748940613,11.06,commercial,private_single,in_progress,approved,no_dispute,3,1,3,0,0,3,17.5,Low,Pune,Maharashtra,OWNER-MPZ-145,Prototype Dataset
MPZ-146,MPZ,Mumbai-Pune Infrastructure Zone,18.50166199745497,74.14531034823194,1.44,residential,private_multiple,in_progress,not_assessed,major_dispute,8,5,5,7,9,6,64.0,High,Pune,Maharashtra,OWNER-MPZ-146,Prototype Dataset
MPZ-147,MPZ,Mumbai-Pune Infrastructure Zone,18.811471833537457,73.98369677885599,13.19,residential,private_single,disputed,assessed,minor_dispute,5,6,2,6,3,3,44.0,Medium,Pune,Maharashtra,OWNER-MPZ-147,Prototype Dataset
MPZ-148,MPZ,Mumbai-Pune Infrastructure Zone,18.49127615491164,73.8467757558234,12.09,agricultural,private_multiple,disputed,not_assessed,major_dispute,8,7,6,5,9,9,71.0,High,Pune,Maharashtra,OWNER-MPZ-148,Prototype Dataset
MPZ-149,MPZ,Mumbai-Pune Infrastructure Zone,18.427029708460466,73.6881862800893,14.33,agricultural,private_single,disputed,assessed,minor_dispute,2,3,3,3,6,2,30.0,Medium,Pune,Maharashtra,OWNER-MPZ-149,Prototype Dataset
MPZ-150,MPZ,Mumbai-Pune Infrastructure Zone,18.81957184829997,74.11508983029871,12.5,forest,disputed,not_started,disputed,court_case,10,8,9,9,8,7,86.5,Critical,Pune,Maharashtra,OWNER-MPZ-150,Prototype Dataset
MPZ-151,MPZ,Mumbai-Pune Infrastructure Zone,18.609807250775972,74.06062606769397,12.57,residential,private_multiple,disputed,not_assessed,major_dispute,8,7,6,6,9,8,71.5,High,Pune,Maharashtra,OWNER-MPZ-151,Prototype Dataset
MPZ-152,MPZ,Mumbai-Pune Infrastructure Zone,18.844347329551837,74.04315804583705,12.01,agricultural,private_multiple,not_started,not_assessed,major_dispute,8,7,8,8,8,7,76.5,Critical,Pune,Maharashtra,OWNER-MPZ-152,Prototype Dataset
MPZ-153,MPZ,Mumbai-Pune Infrastructure Zone,18.78383877061641,73.91357772370527,14.88,industrial,private_single,in_progress,fully_paid,no_dispute,1,0,1,0,2,1,7.0,Low,Pune,Maharashtra,OWNER-MPZ-153,Prototype Dataset
MPZ-154,MPZ,Mumbai-Pune Infrastructure Zone,18.440477629010367,73.89604724676983,12.76,forest,private_multiple,not_started,not_assessed,major_dispute,7,8,7,6,8,7,72.0,High,Pune,Maharashtra,OWNER-MPZ-154,Prototype Dataset
MPZ-155,MPZ,Mumbai-Pune Infrastructure Zone,18.753208874916602,73.62344721393463,4.81,industrial,private_single,completed,fully_paid,no_dispute,1,0,1,0,3,0,7.0,Low,Pune,Maharashtra,OWNER-MPZ-155,Prototype Dataset
MPZ-156,MPZ,Mumbai-Pune Infrastructure Zone,18.795534121914315,73.95343468831177,3.22,residential,private_single,disputed,assessed,minor_dispute,3,3,6,3,6,2,38.0,Medium,Pune,Maharashtra,OWNER-MPZ-156,Prototype Dataset
MPZ-157,MPZ,Mumbai-Pune Infrastructure Zone,18.868139104490766,73.76160647177608,11.74,residential,private_single,not_started,fully_paid,no_dispute,1,2,0,0,1,1,9.0,Low,Pune,Maharashtra,OWNER-MPZ-157,Prototype Dataset
MPZ-158,MPZ,Mumbai-Pune Infrastructure Zone,18.4326972348457,74.07649166946254,3.43,industrial,private_single,completed,fully_paid,no_dispute,2,2,0,2,3,0,15.0,Low,Pune,Maharashtra,OWNER-MPZ-158,Prototype Dataset
MPZ-159,MPZ,Mumbai-Pune Infrastructure Zone,18.53128934446214,73.87823783497242,2.67,forest,government,not_started,approved,no_dispute,0,0,2,3,2,3,13.5,Low,Pune,Maharashtra,OWNER-MPZ-159,Prototype Dataset
MPZ-160,MPZ,Mumbai-Pune Infrastructure Zone,18.699297666442664,73.80801087922225,5.5,commercial,private_single,not_started,assessed,minor_dispute,5,6,3,2,5,5,44.0,Medium,Pune,Maharashtra,OWNER-MPZ-160,Prototype Dataset
MPZ-161,MPZ,Mumbai-Pune Infrastructure Zone,18.769225694064488,73.64357826238596,14.93,industrial,disputed,completed,disputed,court_case,10,7,7,9,9,7,81.0,Critical,Pune,Maharashtra,OWNER-MPZ-161,Prototype Dataset
MPZ-162,MPZ,Mumbai-Pune Infrastructure Zone,18.78503432974707,73.89167960288576,9.82,forest,private_multiple,disputed,disputed,minor_dispute,6,6,5,5,7,6,57.5,High,Pune,Maharashtra,OWNER-MPZ-162,Prototype Dataset
MPZ-163,MPZ,Mumbai-Pune Infrastructure Zone,18.800913182579663,74.18731238142568,2.93,residential,private_single,not_started,partially_paid,no_dispute,5,3,4,3,4,3,37.0,Medium,Pune,Maharashtra,OWNER-MPZ-163,Prototype Dataset
MPZ-164,MPZ,Mumbai-Pune Infrastructure Zone,18.48335339256695,73.89430759451348,14.76,residential,disputed,lapsed,disputed,court_case,8,8,7,7,7,9,76.5,Critical,Pune,Maharashtra,OWNER-MPZ-164,Prototype Dataset
MPZ-165,MPZ,Mumbai-Pune Infrastructure Zone,18.428772320950905,74.0037634251104,4.34,residential,private_multiple,in_progress,not_assessed,minor_dispute,6,5,8,7,8,6,65.0,High,Pune,Maharashtra,OWNER-MPZ-165,Prototype Dataset
MPZ-166,MPZ,Mumbai-Pune Infrastructure Zone,18.432526795149638,74.176841091244,14.0,agricultural,private_single,disputed,fully_paid,no_dispute,0,0,0,2,1,2,6.0,Low,Pune,Maharashtra,OWNER-MPZ-166,Prototype Dataset
MPZ-167,MPZ,Mumbai-Pune Infrastructure Zone,18.5162730378237,73.60209960480151,2.22,industrial,disputed,lapsed,disputed,court_case,7,7,8,9,9,7,77.0,Critical,Pune,Maharashtra,OWNER-MPZ-167,Prototype Dataset
MPZ-168,MPZ,Mumbai-Pune Infrastructure Zone,18.793445376412453,73.92108092372021,12.41,commercial,disputed,not_started,disputed,court_case,8,7,7,7,9,9,76.0,Critical,Pune,Maharashtra,OWNER-MPZ-168,Prototype Dataset
MPZ-169,MPZ,Mumbai-Pune Infrastructure Zone,18.662018211078912,73.73825075536736,9.86,industrial,private_single,completed,assessed,no_dispute,5,4,4,3,6,5,43.5,Medium,Pune,Maharashtra,OWNER-MPZ-169,Prototype Dataset
MPZ-170,MPZ,Mumbai-Pune Infrastructure Zone,18.62001069373461,73.60514272345995,4.2,residential,disputed,not_started,disputed,court_case,9,10,9,10,8,10,94.0,Critical,Pune,Maharashtra,OWNER-MPZ-170,Prototype Dataset
MPZ-171,MPZ,Mumbai-Pune Infrastructure Zone,18.79049452037815,73.97941880650842,10.89,agricultural,private_single,lapsed,partially_paid,minor_dispute,6,3,4,6,5,3,44.5,Medium,Pune,Maharashtra,OWNER-MPZ-171,Prototype Dataset
MPZ-172,MPZ,Mumbai-Pune Infrastructure Zone,18.450600000752697,73.76810485417644,4.06,residential,private_multiple,lapsed,disputed,minor_dispute,7,9,7,6,8,5,72.5,High,Pune,Maharashtra,OWNER-MPZ-172,Prototype Dataset
MPZ-173,MPZ,Mumbai-Pune Infrastructure Zone,18.77558530987081,73.68256321586615,12.97,residential,disputed,in_progress,disputed,court_case,8,7,7,7,8,8,74.0,High,Pune,Maharashtra,OWNER-MPZ-173,Prototype Dataset
MPZ-174,MPZ,Mumbai-Pune Infrastructure Zone,18.70206046716816,73.95710911125248,6.83,agricultural,private_multiple,lapsed,not_assessed,major_dispute,5,8,8,8,8,8,74.0,High,Pune,Maharashtra,OWNER-MPZ-174,Prototype Dataset
MPZ-175,MPZ,Mumbai-Pune Infrastructure Zone,18.682114569662055,73.60042317758912,1.76,agricultural,private_single,not_started,partially_paid,no_dispute,2,2,4,6,4,2,32.0,Medium,Pune,Maharashtra,OWNER-MPZ-175,Prototype Dataset
MPZ-176,MPZ,Mumbai-Pune Infrastructure Zone,18.639213285953694,73.72774693982822,4.03,commercial,private_single,completed,fully_paid,no_dispute,1,1,3,2,2,0,15.5,Low,Pune,Maharashtra,OWNER-MPZ-176,Prototype Dataset
MPZ-177,MPZ,Mumbai-Pune Infrastructure Zone,18.78021545933353,74.0512527112334,3.97,industrial,disputed,in_progress,disputed,court_case,10,7,9,10,10,9,89.5,Critical,Pune,Maharashtra,OWNER-MPZ-177,Prototype Dataset
MPZ-178,MPZ,Mumbai-Pune Infrastructure Zone,18.50776863042294,73.76010550012721,13.18,forest,private_multiple,in_progress,not_assessed,minor_dispute,6,8,5,5,5,8,62.5,High,Pune,Maharashtra,OWNER-MPZ-178,Prototype Dataset
MPZ-179,MPZ,Mumbai-Pune Infrastructure Zone,18.56191020105891,74.0888199144106,8.09,commercial,government,in_progress,approved,no_dispute,1,1,0,2,1,3,11.5,Low,Pune,Maharashtra,OWNER-MPZ-179,Prototype Dataset
MPZ-180,MPZ,Mumbai-Pune Infrastructure Zone,18.795454289839107,73.79174235440338,12.93,industrial,private_single,in_progress,approved,no_dispute,1,3,2,2,1,2,19.5,Low,Pune,Maharashtra,OWNER-MPZ-180,Prototype Dataset
DMP5-001,DMP5,Delhi Metro Phase 5,28.477280606604918,77.05211318604604,13.35,residential,disputed,completed,disputed,court_case,9,8,7,10,8,7,82.0,Critical,New Delhi,Delhi,OWNER-DMP5-001,Prototype Dataset
DMP5-002,DMP5,Delhi Metro Phase 5,28.502247187570248,77.21916189189588,5.56,commercial,disputed,not_started,disputed,court_case,10,10,7,9,8,10,90.5,Critical,New Delhi,Delhi,OWNER-DMP5-002,Prototype Dataset
DMP5-003,DMP5,Delhi Metro Phase 5,28.47666557823883,77.12843348622344,3.41,forest,private_multiple,not_started,not_assessed,minor_dispute,6,5,8,7,5,7,63.0,High,New Delhi,Delhi,OWNER-DMP5-003,Prototype Dataset
DMP5-004,DMP5,Delhi Metro Phase 5,28.64037021992597,77.39830352807053,8.29,agricultural,government,in_progress,approved,no_dispute,1,1,2,2,0,0,11.5,Low,New Delhi,Delhi,OWNER-DMP5-004,Prototype Dataset
DMP5-005,DMP5,Delhi Metro Phase 5,28.421957899036002,77.13498330482625,10.88,forest,disputed,completed,disputed,court_case,7,10,9,10,9,8,89.0,Critical,New Delhi,Delhi,OWNER-DMP5-005,Prototype Dataset
DMP5-006,DMP5,Delhi Metro Phase 5,28.45656718503039,77.26812645194654,7.59,industrial,private_multiple,completed,disputed,minor_dispute,8,7,5,7,6,6,66.0,High,New Delhi,Delhi,OWNER-DMP5-006,Prototype Dataset
DMP5-007,DMP5,Delhi Metro Phase 5,28.40745010854769,77.00576423010146,4.12,forest,private_single,lapsed,assessed,no_dispute,6,6,4,5,5,6,53.5,High,New Delhi,Delhi,OWNER-DMP5-007,Prototype Dataset
DMP5-008,DMP5,Delhi Metro Phase 5,28.619500453290907,77.33461410448635,5.74,commercial,government,completed,fully_paid,no_dispute,1,2,2,3,0,2,17.5,Low,New Delhi,Delhi,OWNER-DMP5-008,Prototype Dataset
DMP5-009,DMP5,Delhi Metro Phase 5,28.76068311246684,77.02628939482497,1.43,commercial,disputed,not_started,disputed,court_case,10,7,8,8,7,7,79.5,Critical,New Delhi,Delhi,OWNER-DMP5-009,Prototype Dataset
DMP5-010,DMP5,Delhi Metro Phase 5,28.789055879081058,77.1535851589779,8.62,industrial,private_single,completed,assessed,no_dispute,6,5,2,5,4,4,44.0,Medium,New Delhi,Delhi,OWNER-DMP5-010,Prototype Dataset
DMP5-011,DMP5,Delhi Metro Phase 5,28.514913013181236,77.03581561984127,5.72,residential,government,disputed,fully_paid,no_dispute,1,2,3,0,3,2,18.0,Low,New Delhi,Delhi,OWNER-DMP5-011,Prototype Dataset
DMP5-012,DMP5,Delhi Metro Phase 5,28.415204168866552,77.37047064347315,2.56,residential,private_multiple,completed,disputed,major_dispute,7,6,6,9,5,5,64.5,High,New Delhi,Delhi,OWNER-DMP5-012,Prototype Dataset
DMP5-013,DMP5,Delhi Metro Phase 5,28.714090545013864,77.17585440179545,14.58,residential,government,not_started,fully_paid,no_dispute,2,0,2,2,1,2,14.0,Low,New Delhi,Delhi,OWNER-DMP5-013,Prototype Dataset
DMP5-014,DMP5,Delhi Metro Phase 5,28.7938578227554,77.10252162831314,5.93,residential,private_multiple,lapsed,disputed,major_dispute,8,9,5,8,9,5,74.5,High,New Delhi,Delhi,OWNER-DMP5-014,Prototype Dataset
DMP5-015,DMP5,Delhi Metro Phase 5,28.49711619609996,77.26700662856948,12.03,commercial,disputed,completed,disputed,court_case,7,9,9,7,9,8,82.0,Critical,New Delhi,Delhi,OWNER-DMP5-015,Prototype Dataset
DMP5-016,DMP5,Delhi Metro Phase 5,28.429159468939837,77.31101494011064,11.25,commercial,private_single,disputed,partially_paid,no_dispute,2,5,5,6,5,2,42.5,Medium,New Delhi,Delhi,OWNER-DMP5-016,Prototype Dataset
DMP5-017,DMP5,Delhi Metro Phase 5,28.441185482629454,77.16042451911034,5.06,residential,private_single,disputed,approved,no_dispute,1,2,0,1,3,0,11.5,Low,New Delhi,Delhi,OWNER-DMP5-017,Prototype Dataset
DMP5-018,DMP5,Delhi Metro Phase 5,28.531135417889683,77.39789656518553,13.73,agricultural,disputed,completed,disputed,court_case,8,7,7,10,8,8,78.5,Critical,New Delhi,Delhi,OWNER-DMP5-018,Prototype Dataset
DMP5-019,DMP5,Delhi Metro Phase 5,28.59574746250692,77.30162719800165,4.46,forest,private_single,in_progress,assessed,no_dispute,6,3,4,5,5,2,42.0,Medium,New Delhi,Delhi,OWNER-DMP5-019,Prototype Dataset
DMP5-020,DMP5,Delhi Metro Phase 5,28.642596880633615,77.26653272358242,14.7,industrial,private_single,not_started,assessed,minor_dispute,3,5,3,5,6,6,44.0,Medium,New Delhi,Delhi,OWNER-DMP5-020,Prototype Dataset
DMP5-021,DMP5,Delhi Metro Phase 5,28.582596115594665,77.31148718735164,4.55,residential,private_single,not_started,approved,no_dispute,1,0,0,3,3,0,9.5,Low,New Delhi,Delhi,OWNER-DMP5-021,Prototype Dataset
DMP5-022,DMP5,Delhi Metro Phase 5,28.68154881032827,77.34013105700129,5.96,commercial,private_multiple,completed,disputed,minor_dispute,9,5,6,9,8,9,73.0,High,New Delhi,Delhi,OWNER-DMP5-022,Prototype Dataset
DMP5-023,DMP5,Delhi Metro Phase 5,28.424158476089477,77.09817624446151,11.12,forest,private_single,lapsed,partially_paid,no_dispute,4,3,5,2,5,2,35.5,Medium,New Delhi,Delhi,OWNER-DMP5-023,Prototype Dataset
DMP5-024,DMP5,Delhi Metro Phase 5,28.5668328826632,77.3233991330469,5.36,residential,private_single,lapsed,assessed,minor_dispute,4,6,2,5,5,4,43.5,Medium,New Delhi,Delhi,OWNER-DMP5-024,Prototype Dataset
DMP5-025,DMP5,Delhi Metro Phase 5,28.713103693157517,77.33228690513455,3.79,residential,private_single,disputed,assessed,no_dispute,3,4,3,5,6,5,40.5,Medium,New Delhi,Delhi,OWNER-DMP5-025,Prototype Dataset
DMP5-026,DMP5,Delhi Metro Phase 5,28.430218625085622,77.20322590993845,9.63,commercial,private_single,lapsed,partially_paid,minor_dispute,6,2,5,6,5,6,47.0,Medium,New Delhi,Delhi,OWNER-DMP5-026,Prototype Dataset
DMP5-027,DMP5,Delhi Metro Phase 5,28.647547552979745,77.08429797035326,10.32,forest,private_single,lapsed,approved,no_dispute,1,0,2,0,1,2,9.0,Low,New Delhi,Delhi,OWNER-DMP5-027,Prototype Dataset
DMP5-028,DMP5,Delhi Metro Phase 5,28.658761329017157,77.08729711513004,9.36,agricultural,private_single,lapsed,partially_paid,no_dispute,5,2,2,6,5,2,35.0,Medium,New Delhi,Delhi,OWNER-DMP5-028,Prototype Dataset
DMP5-029,DMP5,Delhi Metro Phase 5,28.66271297588821,77.14403078937323,6.37,commercial,government,disputed,fully_paid,no_dispute,0,0,1,1,3,1,7.5,Low,New Delhi,Delhi,OWNER-DMP5-029,Prototype Dataset
DMP5-030,DMP5,Delhi Metro Phase 5,28.5210398340771,77.3299420574706,7.83,commercial,private_multiple,in_progress,disputed,major_dispute,6,6,9,6,7,6,67.0,High,New Delhi,Delhi,OWNER-DMP5-030,Prototype Dataset
DMP5-031,DMP5,Delhi Metro Phase 5,28.705817670525267,77.2727573077323,2.59,industrial,private_single,lapsed,approved,no_dispute,2,2,2,2,0,2,18.0,Low,New Delhi,Delhi,OWNER-DMP5-031,Prototype Dataset
DMP5-032,DMP5,Delhi Metro Phase 5,28.520071246205582,77.35773048165706,14.54,industrial,private_single,disputed,assessed,no_dispute,5,4,4,2,4,4,39.0,Medium,New Delhi,Delhi,OWNER-DMP5-032,Prototype Dataset
DMP5-033,DMP5,Delhi Metro Phase 5,28.79124847384493,77.20015026939896,2.25,agricultural,private_single,in_progress,fully_paid,no_dispute,1,1,3,0,3,0,13.5,Low,New Delhi,Delhi,OWNER-DMP5-033,Prototype Dataset
DMP5-034,DMP5,Delhi Metro Phase 5,28.529390585507773,77.23033081851588,6.38,industrial,private_single,completed,approved,no_dispute,0,0,3,1,0,2,9.5,Low,New Delhi,Delhi,OWNER-DMP5-034,Prototype Dataset
DMP5-035,DMP5,Delhi Metro Phase 5,28.69780736198992,77.24235673907923,8.38,commercial,private_single,lapsed,assessed,minor_dispute,6,6,5,3,5,6,52.5,High,New Delhi,Delhi,OWNER-DMP5-035,Prototype Dataset
DMP5-036,DMP5,Delhi Metro Phase 5,28.757697653748348,77.01369396804847,12.24,forest,private_single,completed,partially_paid,no_dispute,2,4,2,4,6,2,32.0,Medium,New Delhi,Delhi,OWNER-DMP5-036,Prototype Dataset
DMP5-037,DMP5,Delhi Metro Phase 5,28.5402759479792,77.38048226050606,14.34,commercial,private_multiple,in_progress,not_assessed,minor_dispute,5,5,5,5,9,5,54.0,High,New Delhi,Delhi,OWNER-DMP5-037,Prototype Dataset
DMP5-038,DMP5,Delhi Metro Phase 5,28.588789345516727,77.17173280222181,4.44,industrial,private_single,in_progress,assessed,minor_dispute,6,6,2,2,2,2,38.0,Medium,New Delhi,Delhi,OWNER-DMP5-038,Prototype Dataset
DMP5-039,DMP5,Delhi Metro Phase 5,28.460786794736414,77.22076066529723,6.01,residential,private_single,completed,fully_paid,no_dispute,2,3,1,2,2,2,20.5,Low,New Delhi,Delhi,OWNER-DMP5-039,Prototype Dataset
DMP5-040,DMP5,Delhi Metro Phase 5,28.793735442823774,77.16153923518965,12.76,forest,private_single,completed,assessed,minor_dispute,3,3,4,2,4,2,30.5,Medium,New Delhi,Delhi,OWNER-DMP5-040,Prototype Dataset
DMP5-041,DMP5,Delhi Metro Phase 5,28.784277667392956,77.19704692047128,8.2,industrial,private_single,disputed,approved,no_dispute,0,3,2,1,1,2,16.0,Low,New Delhi,Delhi,OWNER-DMP5-041,Prototype Dataset
DMP5-042,DMP5,Delhi Metro Phase 5,28.473743062054403,77.20429493187396,10.37,forest,private_multiple,lapsed,disputed,major_dispute,6,8,9,7,6,9,75.5,Critical,New Delhi,Delhi,OWNER-DMP5-042,Prototype Dataset
DMP5-043,DMP5,Delhi Metro Phase 5,28.603392570401592,77.04898514808355,2.84,commercial,private_single,disputed,approved,no_dispute,2,0,3,3,1,1,16.5,Low,New Delhi,Delhi,OWNER-DMP5-043,Prototype Dataset
DMP5-044,DMP5,Delhi Metro Phase 5,28.73676968734541,77.36627076059574,6.28,forest,private_multiple,completed,disputed,major_dispute,6,5,8,6,9,7,65.5,High,New Delhi,Delhi,OWNER-DMP5-044,Prototype Dataset
DMP5-045,DMP5,Delhi Metro Phase 5,28.688626228008413,77.04929703602747,8.61,forest,private_single,in_progress,fully_paid,no_dispute,2,1,2,2,2,1,16.5,Low,New Delhi,Delhi,OWNER-DMP5-045,Prototype Dataset
DMP5-046,DMP5,Delhi Metro Phase 5,28.682191406519532,77.00801980442763,9.24,forest,private_single,not_started,assessed,minor_dispute,2,3,4,2,3,5,30.5,Medium,New Delhi,Delhi,OWNER-DMP5-046,Prototype Dataset
DMP5-047,DMP5,Delhi Metro Phase 5,28.79035052070211,77.19040997208245,8.36,industrial,disputed,in_progress,disputed,court_case,8,7,10,8,10,9,84.5,Critical,New Delhi,Delhi,OWNER-DMP5-047,Prototype Dataset
DMP5-048,DMP5,Delhi Metro Phase 5,28.52571464721152,77.07747366792043,7.13,agricultural,private_single,lapsed,assessed,no_dispute,2,2,3,2,3,5,26.0,Medium,New Delhi,Delhi,OWNER-DMP5-048,Prototype Dataset
DMP5-049,DMP5,Delhi Metro Phase 5,28.718121751302203,77.18981174133816,1.4,residential,disputed,disputed,disputed,court_case,9,7,8,8,7,7,77.5,Critical,New Delhi,Delhi,OWNER-DMP5-049,Prototype Dataset
DMP5-050,DMP5,Delhi Metro Phase 5,28.664993361035414,77.07306168156501,9.78,forest,private_single,disputed,assessed,no_dispute,2,4,6,6,3,5,43.0,Medium,New Delhi,Delhi,OWNER-DMP5-050,Prototype Dataset
DMP5-051,DMP5,Delhi Metro Phase 5,28.511843476511373,77.30694706966041,14.4,agricultural,government,in_progress,approved,no_dispute,3,3,3,2,3,0,25.5,Medium,New Delhi,Delhi,OWNER-DMP5-051,Prototype Dataset
DMP5-052,DMP5,Delhi Metro Phase 5,28.59050039782415,77.39071303683937,9.47,forest,private_multiple,completed,disputed,major_dispute,9,7,6,9,7,7,75.0,High,New Delhi,Delhi,OWNER-DMP5-052,Prototype Dataset
DMP5-053,DMP5,Delhi Metro Phase 5,28.467030634310596,77.1141250988519,8.48,residential,private_single,not_started,fully_paid,no_dispute,0,0,2,0,1,3,8.0,Low,New Delhi,Delhi,OWNER-DMP5-053,Prototype Dataset
DMP5-054,DMP5,Delhi Metro Phase 5,28.44265967484105,77.04402765700894,7.58,agricultural,private_single,disputed,partially_paid,no_dispute,3,4,3,4,3,4,35.0,Medium,New Delhi,Delhi,OWNER-DMP5-054,Prototype Dataset
DMP5-055,DMP5,Delhi Metro Phase 5,28.724390598186268,77.26431743102664,8.7,commercial,private_single,disputed,fully_paid,no_dispute,2,2,2,0,2,3,18.0,Low,New Delhi,Delhi,OWNER-DMP5-055,Prototype Dataset
DMP5-056,DMP5,Delhi Metro Phase 5,28.716662941920205,77.37482421600507,9.24,agricultural,government,in_progress,approved,no_dispute,3,0,2,0,2,0,12.0,Low,New Delhi,Delhi,OWNER-DMP5-056,Prototype Dataset
DMP5-057,DMP5,Delhi Metro Phase 5,28.52644905566584,77.0717404822179,2.48,agricultural,private_single,completed,fully_paid,no_dispute,0,3,0,0,0,1,8.5,Low,New Delhi,Delhi,OWNER-DMP5-057,Prototype Dataset
DMP5-058,DMP5,Delhi Metro Phase 5,28.751014141314332,77.25082485517768,1.4,agricultural,government,in_progress,fully_paid,no_dispute,3,2,0,2,2,1,17.0,Low,New Delhi,Delhi,OWNER-DMP5-058,Prototype Dataset
DMP5-059,DMP5,Delhi Metro Phase 5,28.533690950015874,77.10994147469982,5.88,residential,private_single,lapsed,assessed,no_dispute,2,2,4,2,2,3,25.0,Low,New Delhi,Delhi,OWNER-DMP5-059,Prototype Dataset
DMP5-060,DMP5,Delhi Metro Phase 5,28.78358308343677,77.2552532145553,14.16,industrial,private_single,completed,approved,no_dispute,2,0,3,1,3,0,14.5,Low,New Delhi,Delhi,OWNER-DMP5-060,Prototype Dataset
DMP5-061,DMP5,Delhi Metro Phase 5,28.42083763494674,77.08821760158332,10.91,forest,private_single,disputed,approved,no_dispute,2,1,1,2,2,0,13.5,Low,New Delhi,Delhi,OWNER-DMP5-061,Prototype Dataset
DMP5-062,DMP5,Delhi Metro Phase 5,28.482392486124173,77.37905854511521,4.22,forest,private_single,lapsed,partially_paid,minor_dispute,2,5,5,4,3,4,39.5,Medium,New Delhi,Delhi,OWNER-DMP5-062,Prototype Dataset
DMP5-063,DMP5,Delhi Metro Phase 5,28.74529586306219,77.29451302643776,14.0,industrial,government,lapsed,approved,no_dispute,3,1,0,0,0,3,11.5,Low,New Delhi,Delhi,OWNER-DMP5-063,Prototype Dataset
DMP5-064,DMP5,Delhi Metro Phase 5,28.405850994705368,77.12072915470463,11.59,residential,government,in_progress,approved,no_dispute,1,1,1,0,3,0,9.5,Low,New Delhi,Delhi,OWNER-DMP5-064,Prototype Dataset
DMP5-065,DMP5,Delhi Metro Phase 5,28.750539898357648,77.26388492268075,8.66,forest,private_single,not_started,fully_paid,no_dispute,0,3,0,3,3,1,16.0,Low,New Delhi,Delhi,OWNER-DMP5-065,Prototype Dataset
DMP5-066,DMP5,Delhi Metro Phase 5,28.435002522480943,77.3370754891013,11.2,industrial,private_single,not_started,partially_paid,minor_dispute,4,4,3,3,2,3,33.5,Medium,New Delhi,Delhi,OWNER-DMP5-066,Prototype Dataset
DMP5-067,DMP5,Delhi Metro Phase 5,28.797894991625952,77.2800514060237,12.33,agricultural,private_single,lapsed,fully_paid,no_dispute,3,0,3,0,0,0,12.0,Low,New Delhi,Delhi,OWNER-DMP5-067,Prototype Dataset
DMP5-068,DMP5,Delhi Metro Phase 5,28.51705288872698,77.17665095706718,6.3,commercial,government,disputed,fully_paid,no_dispute,2,2,3,3,0,3,22.5,Low,New Delhi,Delhi,OWNER-DMP5-068,Prototype Dataset
DMP5-069,DMP5,Delhi Metro Phase 5,28.722055698071248,77.09467955392037,0.67,forest,private_single,completed,partially_paid,minor_dispute,5,6,5,6,3,3,50.0,Medium,New Delhi,Delhi,OWNER-DMP5-069,Prototype Dataset
DMP5-070,DMP5,Delhi Metro Phase 5,28.440289295960273,77.14441019394827,3.09,commercial,private_single,not_started,partially_paid,minor_dispute,2,3,6,5,2,2,35.0,Medium,New Delhi,Delhi,OWNER-DMP5-070,Prototype Dataset
DMP5-071,DMP5,Delhi Metro Phase 5,28.482142929520336,77.14539380228271,1.88,industrial,government,disputed,approved,no_dispute,3,1,1,2,3,0,16.5,Low,New Delhi,Delhi,OWNER-DMP5-071,Prototype Dataset
DMP5-072,DMP5,Delhi Metro Phase 5,28.580846421085496,77.28695839394747,0.84,agricultural,private_single,in_progress,assessed,minor_dispute,4,6,2,5,3,5,42.5,Medium,New Delhi,Delhi,OWNER-DMP5-072,Prototype Dataset
DMP5-073,DMP5,Delhi Metro Phase 5,28.428909036955595,77.31415992136743,8.8,industrial,disputed,not_started,disputed,court_case,10,9,7,9,9,8,87.0,Critical,New Delhi,Delhi,OWNER-DMP5-073,Prototype Dataset
DMP5-074,DMP5,Delhi Metro Phase 5,28.560008887980995,77.22878630424225,3.4,commercial,private_single,completed,assessed,minor_dispute,6,3,5,5,2,6,45.0,Medium,New Delhi,Delhi,OWNER-DMP5-074,Prototype Dataset
DMP5-075,DMP5,Delhi Metro Phase 5,28.479703702787315,77.08123589652716,8.73,residential,government,disputed,approved,no_dispute,1,0,2,3,3,3,16.5,Low,New Delhi,Delhi,OWNER-DMP5-075,Prototype Dataset
DMP5-076,DMP5,Delhi Metro Phase 5,28.790342518281168,77.05624960733218,4.02,commercial,private_multiple,completed,disputed,major_dispute,6,6,7,5,8,9,65.5,High,New Delhi,Delhi,OWNER-DMP5-076,Prototype Dataset
DMP5-077,DMP5,Delhi Metro Phase 5,28.720750223519694,77.20872968319036,12.32,industrial,private_single,in_progress,assessed,minor_dispute,2,4,4,5,5,3,37.5,Medium,New Delhi,Delhi,OWNER-DMP5-077,Prototype Dataset
DMP5-078,DMP5,Delhi Metro Phase 5,28.681153602631564,77.1911547611857,7.41,industrial,private_single,completed,assessed,minor_dispute,2,4,6,5,6,5,44.5,Medium,New Delhi,Delhi,OWNER-DMP5-078,Prototype Dataset
DMP5-079,DMP5,Delhi Metro Phase 5,28.736465880319926,77.27231649197071,12.41,forest,private_single,disputed,partially_paid,minor_dispute,4,5,3,3,4,4,39.0,Medium,New Delhi,Delhi,OWNER-DMP5-079,Prototype Dataset
DMP5-080,DMP5,Delhi Metro Phase 5,28.67692785604238,77.28679311110052,12.75,agricultural,private_multiple,disputed,not_assessed,major_dispute,7,6,7,5,8,8,66.5,High,New Delhi,Delhi,OWNER-DMP5-080,Prototype Dataset
DMP5-081,DMP5,Delhi Metro Phase 5,28.546174425466162,77.2967214200311,7.21,forest,private_single,lapsed,partially_paid,minor_dispute,5,2,2,2,4,2,28.0,Medium,New Delhi,Delhi,OWNER-DMP5-081,Prototype Dataset
DMP5-082,DMP5,Delhi Metro Phase 5,28.743808867794417,77.08426427988203,12.77,commercial,private_single,in_progress,assessed,no_dispute,3,6,2,4,5,4,40.0,Medium,New Delhi,Delhi,OWNER-DMP5-082,Prototype Dataset
DMP5-083,DMP5,Delhi Metro Phase 5,28.77853715288536,77.26998225062604,11.55,residential,private_single,not_started,assessed,minor_dispute,5,5,5,2,5,4,44.5,Medium,New Delhi,Delhi,OWNER-DMP5-083,Prototype Dataset
DMP5-084,DMP5,Delhi Metro Phase 5,28.446707658154995,77.04869372666427,8.8,agricultural,disputed,completed,disputed,court_case,7,8,10,7,7,8,79.5,Critical,New Delhi,Delhi,OWNER-DMP5-084,Prototype Dataset
DMP5-085,DMP5,Delhi Metro Phase 5,28.682698988604017,77.33737893730243,8.93,commercial,government,lapsed,approved,no_dispute,1,0,1,0,3,3,10.0,Low,New Delhi,Delhi,OWNER-DMP5-085,Prototype Dataset
DMP5-086,DMP5,Delhi Metro Phase 5,28.69427503835233,77.24109361538363,1.52,commercial,private_single,in_progress,assessed,no_dispute,6,2,4,6,4,5,43.0,Medium,New Delhi,Delhi,OWNER-DMP5-086,Prototype Dataset
DMP5-087,DMP5,Delhi Metro Phase 5,28.646799122823392,77.37364562104369,7.24,agricultural,government,disputed,fully_paid,no_dispute,1,1,0,1,2,3,11.0,Low,New Delhi,Delhi,OWNER-DMP5-087,Prototype Dataset
DMP5-088,DMP5,Delhi Metro Phase 5,28.598642987374152,77.10865636869156,7.43,forest,private_single,in_progress,fully_paid,no_dispute,3,0,1,2,0,2,13.0,Low,New Delhi,Delhi,OWNER-DMP5-088,Prototype Dataset
DMP5-089,DMP5,Delhi Metro Phase 5,28.41236951911172,77.22958453999566,3.5,industrial,private_single,disputed,assessed,no_dispute,5,3,3,4,4,5,38.5,Medium,New Delhi,Delhi,OWNER-DMP5-089,Prototype Dataset
DMP5-090,DMP5,Delhi Metro Phase 5,28.678550122577324,77.11392193335095,13.53,industrial,private_multiple,not_started,not_assessed,major_dispute,9,7,6,6,9,7,72.5,High,New Delhi,Delhi,OWNER-DMP5-090,Prototype Dataset
DMP5-091,DMP5,Delhi Metro Phase 5,28.71771768584559,77.10267668510684,10.41,industrial,private_single,not_started,fully_paid,no_dispute,0,1,2,2,0,2,11.5,Low,New Delhi,Delhi,OWNER-DMP5-091,Prototype Dataset
DMP5-092,DMP5,Delhi Metro Phase 5,28.54239014965633,77.28179424747651,10.15,industrial,private_single,in_progress,assessed,no_dispute,6,6,4,3,3,4,46.5,Medium,New Delhi,Delhi,OWNER-DMP5-092,Prototype Dataset
DMP5-093,DMP5,Delhi Metro Phase 5,28.46939098980631,77.2131978113517,6.06,forest,private_single,disputed,assessed,minor_dispute,4,3,2,2,4,2,28.5,Medium,New Delhi,Delhi,OWNER-DMP5-093,Prototype Dataset
DMP5-094,DMP5,Delhi Metro Phase 5,28.76984573044335,77.18718280979785,0.75,agricultural,disputed,completed,disputed,court_case,10,9,7,9,8,8,86.0,Critical,New Delhi,Delhi,OWNER-DMP5-094,Prototype Dataset
DMP5-095,DMP5,Delhi Metro Phase 5,28.537115157489442,77.2445131829228,9.23,residential,private_single,disputed,assessed,minor_dispute,2,3,2,4,3,3,27.5,Medium,New Delhi,Delhi,OWNER-DMP5-095,Prototype Dataset
DMP5-096,DMP5,Delhi Metro Phase 5,28.75461554246754,77.38206227789112,10.5,residential,private_multiple,disputed,not_assessed,major_dispute,6,8,5,5,5,5,59.5,High,New Delhi,Delhi,OWNER-DMP5-096,Prototype Dataset
DMP5-097,DMP5,Delhi Metro Phase 5,28.758914337612406,77.00502062711955,1.85,agricultural,government,not_started,approved,no_dispute,0,2,0,0,2,2,9.0,Low,New Delhi,Delhi,OWNER-DMP5-097,Prototype Dataset
DMP5-098,DMP5,Delhi Metro Phase 5,28.482325193662735,77.08069025126005,11.27,industrial,private_multiple,completed,disputed,major_dispute,6,7,9,5,6,5,66.0,High,New Delhi,Delhi,OWNER-DMP5-098,Prototype Dataset
DMP5-099,DMP5,Delhi Metro Phase 5,28.429455738502114,77.39730205528726,12.65,industrial,private_single,in_progress,approved,no_dispute,1,3,0,2,0,2,14.5,Low,New Delhi,Delhi,OWNER-DMP5-099,Prototype Dataset
DMP5-100,DMP5,Delhi Metro Phase 5,28.560074815924235,77.34104433751435,10.26,industrial,private_multiple,not_started,disputed,minor_dispute,8,6,5,5,9,5,62.5,High,New Delhi,Delhi,OWNER-DMP5-100,Prototype Dataset
DMP5-101,DMP5,Delhi Metro Phase 5,28.535262239268047,77.10071766323891,5.28,commercial,private_single,not_started,approved,no_dispute,2,2,1,2,3,1,18.0,Low,New Delhi,Delhi,OWNER-DMP5-101,Prototype Dataset
DMP5-102,DMP5,Delhi Metro Phase 5,28.798096282816214,77.13297540517392,14.26,agricultural,private_single,in_progress,assessed,minor_dispute,3,6,5,2,6,5,45.0,Medium,New Delhi,Delhi,OWNER-DMP5-102,Prototype Dataset
DMP5-103,DMP5,Delhi Metro Phase 5,28.65113207876855,77.27530121317406,7.9,residential,private_single,completed,fully_paid,no_dispute,3,0,2,1,2,2,15.5,Low,New Delhi,Delhi,OWNER-DMP5-103,Prototype Dataset
DMP5-104,DMP5,Delhi Metro Phase 5,28.52252220473724,77.32381364893143,12.19,agricultural,private_single,disputed,partially_paid,minor_dispute,2,6,6,6,5,4,49.0,Medium,New Delhi,Delhi,OWNER-DMP5-104,Prototype Dataset
DMP5-105,DMP5,Delhi Metro Phase 5,28.565662755442506,77.07700071926264,11.06,agricultural,private_single,in_progress,fully_paid,no_dispute,0,2,2,1,3,1,14.5,Low,New Delhi,Delhi,OWNER-DMP5-105,Prototype Dataset
DMP5-106,DMP5,Delhi Metro Phase 5,28.50076203189226,77.01732540177552,6.34,forest,government,in_progress,fully_paid,no_dispute,1,2,3,1,2,2,18.5,Low,New Delhi,Delhi,OWNER-DMP5-106,Prototype Dataset
DMP5-107,DMP5,Delhi Metro Phase 5,28.48099986491171,77.36315458313868,14.0,commercial,disputed,completed,disputed,court_case,10,8,9,7,7,9,84.5,Critical,New Delhi,Delhi,OWNER-DMP5-107,Prototype Dataset
DMP5-108,DMP5,Delhi Metro Phase 5,28.452622366303775,77.18185652973169,9.17,industrial,private_single,not_started,approved,no_dispute,1,2,0,1,1,2,11.5,Low,New Delhi,Delhi,OWNER-DMP5-108,Prototype Dataset
DMP5-109,DMP5,Delhi Metro Phase 5,28.430924587146773,77.04468622779157,11.83,industrial,government,in_progress,fully_paid,no_dispute,1,0,3,3,0,1,13.5,Low,New Delhi,Delhi,OWNER-DMP5-109,Prototype Dataset
DMP5-110,DMP5,Delhi Metro Phase 5,28.572748358404276,77.31431358001964,3.02,industrial,private_multiple,in_progress,disputed,minor_dispute,5,6,5,6,8,6,58.0,High,New Delhi,Delhi,OWNER-DMP5-110,Prototype Dataset
DMP5-111,DMP5,Delhi Metro Phase 5,28.408700812001225,77.30955375237671,12.19,agricultural,private_multiple,not_started,disputed,minor_dispute,5,5,7,9,8,6,64.0,High,New Delhi,Delhi,OWNER-DMP5-111,Prototype Dataset
DMP5-112,DMP5,Delhi Metro Phase 5,28.424686514446698,77.37333836192043,11.83,residential,private_single,in_progress,assessed,minor_dispute,3,2,6,4,3,5,37.0,Medium,New Delhi,Delhi,OWNER-DMP5-112,Prototype Dataset
DMP5-113,DMP5,Delhi Metro Phase 5,28.628487383569936,77.35876779578528,3.38,agricultural,private_single,in_progress,partially_paid,no_dispute,3,2,3,6,5,2,33.0,Medium,New Delhi,Delhi,OWNER-DMP5-113,Prototype Dataset
DMP5-114,DMP5,Delhi Metro Phase 5,28.725499706598693,77.18888200053833,8.74,forest,private_single,lapsed,assessed,no_dispute,4,6,6,3,4,5,48.5,Medium,New Delhi,Delhi,OWNER-DMP5-114,Prototype Dataset
DMP5-115,DMP5,Delhi Metro Phase 5,28.52294649126593,77.24820777954179,14.84,industrial,private_single,disputed,fully_paid,no_dispute,3,2,0,1,1,1,14.5,Low,New Delhi,Delhi,OWNER-DMP5-115,Prototype Dataset
DMP5-116,DMP5,Delhi Metro Phase 5,28.434794205490995,77.20287527489927,10.63,agricultural,private_single,lapsed,approved,no_dispute,0,2,2,1,2,3,15.5,Low,New Delhi,Delhi,OWNER-DMP5-116,Prototype Dataset
DMP5-117,DMP5,Delhi Metro Phase 5,28.617516801934155,77.19503049224824,2.41,forest,private_single,disputed,assessed,minor_dispute,2,5,5,3,6,4,41.0,Medium,New Delhi,Delhi,OWNER-DMP5-117,Prototype Dataset
DMP5-118,DMP5,Delhi Metro Phase 5,28.57874051686002,77.03120627591692,13.07,forest,private_single,not_started,fully_paid,no_dispute,2,0,2,0,1,3,12.0,Low,New Delhi,Delhi,OWNER-DMP5-118,Prototype Dataset
DMP5-119,DMP5,Delhi Metro Phase 5,28.56058996778314,77.27256963888719,11.12,forest,private_single,disputed,approved,no_dispute,2,3,2,1,0,3,20.0,Low,New Delhi,Delhi,OWNER-DMP5-119,Prototype Dataset
DMP5-120,DMP5,Delhi Metro Phase 5,28.65524703006668,77.11311019705592,8.93,agricultural,private_single,disputed,partially_paid,minor_dispute,4,6,6,6,4,6,54.0,High,New Delhi,Delhi,OWNER-DMP5-120,Prototype Dataset
DMP5-121,DMP5,Delhi Metro Phase 5,28.49590169780063,77.25055622722977,8.6,residential,private_single,not_started,assessed,minor_dispute,6,4,6,3,3,2,43.5,Medium,New Delhi,Delhi,OWNER-DMP5-121,Prototype Dataset
DMP5-122,DMP5,Delhi Metro Phase 5,28.7851942969855,77.05298087169515,9.2,industrial,government,completed,approved,no_dispute,3,2,0,2,2,3,19.0,Low,New Delhi,Delhi,OWNER-DMP5-122,Prototype Dataset
DMP5-123,DMP5,Delhi Metro Phase 5,28.54752106031444,77.39279075079962,4.93,residential,government,lapsed,fully_paid,no_dispute,2,3,2,2,2,3,23.5,Low,New Delhi,Delhi,OWNER-DMP5-123,Prototype Dataset
DMP5-124,DMP5,Delhi Metro Phase 5,28.517043247518533,77.2519541898607,13.9,forest,private_single,completed,approved,no_dispute,0,0,2,3,1,1,10.5,Low,New Delhi,Delhi,OWNER-DMP5-124,Prototype Dataset
DMP5-125,DMP5,Delhi Metro Phase 5,28.509144666225183,77.38248142389897,8.02,residential,private_single,in_progress,fully_paid,no_dispute,1,2,3,0,1,2,16.0,Low,New Delhi,Delhi,OWNER-DMP5-125,Prototype Dataset
DMP5-126,DMP5,Delhi Metro Phase 5,28.53936086240529,77.39684553434925,2.73,forest,disputed,not_started,disputed,court_case,10,10,7,9,9,8,89.5,Critical,New Delhi,Delhi,OWNER-DMP5-126,Prototype Dataset
DMP5-127,DMP5,Delhi Metro Phase 5,28.41367503853868,77.05465948119918,1.79,industrial,private_single,not_started,partially_paid,minor_dispute,5,2,3,5,5,4,37.5,Medium,New Delhi,Delhi,OWNER-DMP5-127,Prototype Dataset
DMP5-128,DMP5,Delhi Metro Phase 5,28.48796174515197,77.15248902616955,14.0,commercial,disputed,completed,disputed,court_case,7,7,10,7,8,10,80.0,Critical,New Delhi,Delhi,OWNER-DMP5-128,Prototype Dataset
DMP5-129,DMP5,Delhi Metro Phase 5,28.67568499955318,77.34729789848132,1.74,commercial,disputed,disputed,disputed,court_case,8,7,7,8,9,9,77.5,Critical,New Delhi,Delhi,OWNER-DMP5-129,Prototype Dataset
DMP5-130,DMP5,Delhi Metro Phase 5,28.658237149006858,77.39574165074124,7.03,agricultural,private_multiple,not_started,not_assessed,minor_dispute,9,5,5,8,8,6,66.5,High,New Delhi,Delhi,OWNER-DMP5-130,Prototype Dataset
DMP5-131,DMP5,Delhi Metro Phase 5,28.41573781628706,77.17452810709639,8.31,residential,government,completed,approved,no_dispute,3,3,1,0,3,3,21.5,Low,New Delhi,Delhi,OWNER-DMP5-131,Prototype Dataset
DMP5-132,DMP5,Delhi Metro Phase 5,28.501106716548712,77.29146149075316,2.43,commercial,private_multiple,disputed,not_assessed,minor_dispute,9,7,9,6,9,9,80.5,Critical,New Delhi,Delhi,OWNER-DMP5-132,Prototype Dataset
DMP5-133,DMP5,Delhi Metro Phase 5,28.655524689737742,77.24870306571562,2.21,forest,private_multiple,not_started,disputed,major_dispute,9,6,5,6,7,9,68.0,High,New Delhi,Delhi,OWNER-DMP5-133,Prototype Dataset
DMP5-134,DMP5,Delhi Metro Phase 5,28.490246690613397,77.25433555873853,8.6,agricultural,private_multiple,lapsed,not_assessed,major_dispute,9,8,7,6,5,6,72.0,High,New Delhi,Delhi,OWNER-DMP5-134,Prototype Dataset
DMP5-135,DMP5,Delhi Metro Phase 5,28.548802040456316,77.08440569448854,11.12,forest,private_single,completed,approved,no_dispute,3,0,2,3,0,0,14.5,Low,New Delhi,Delhi,OWNER-DMP5-135,Prototype Dataset
DMP5-136,DMP5,Delhi Metro Phase 5,28.771738484834138,77.00139103917401,9.1,industrial,private_single,in_progress,partially_paid,no_dispute,4,6,3,2,2,5,39.0,Medium,New Delhi,Delhi,OWNER-DMP5-136,Prototype Dataset
DMP5-137,DMP5,Delhi Metro Phase 5,28.696535908276942,77.35300661061908,3.01,forest,disputed,disputed,disputed,court_case,8,9,8,7,7,9,81.0,Critical,New Delhi,Delhi,OWNER-DMP5-137,Prototype Dataset
DMP5-138,DMP5,Delhi Metro Phase 5,28.64583809692151,77.26921890620812,6.98,agricultural,government,in_progress,fully_paid,no_dispute,0,2,1,2,2,1,13.0,Low,New Delhi,Delhi,OWNER-DMP5-138,Prototype Dataset
DMP5-139,DMP5,Delhi Metro Phase 5,28.570444558564336,77.10354631875101,12.23,agricultural,disputed,not_started,disputed,court_case,9,9,7,9,10,10,88.0,Critical,New Delhi,Delhi,OWNER-DMP5-139,Prototype Dataset
DMP5-140,DMP5,Delhi Metro Phase 5,28.422572176583245,77.14209037713447,1.17,agricultural,private_single,disputed,fully_paid,no_dispute,0,1,0,1,2,3,9.0,Low,New Delhi,Delhi,OWNER-DMP5-140,Prototype Dataset
DMP5-141,DMP5,Delhi Metro Phase 5,28.67366133783604,77.14907839601861,2.19,commercial,private_single,completed,partially_paid,no_dispute,6,2,3,2,5,2,33.0,Medium,New Delhi,Delhi,OWNER-DMP5-141,Prototype Dataset
DMP5-142,DMP5,Delhi Metro Phase 5,28.583493145611584,77.37133795974194,1.58,forest,private_multiple,not_started,not_assessed,minor_dispute,7,8,7,6,9,8,74.0,High,New Delhi,Delhi,OWNER-DMP5-142,Prototype Dataset
DMP5-143,DMP5,Delhi Metro Phase 5,28.619065304530096,77.07519564261243,9.34,forest,private_single,not_started,fully_paid,no_dispute,0,0,2,0,3,1,8.0,Low,New Delhi,Delhi,OWNER-DMP5-143,Prototype Dataset
DMP5-144,DMP5,Delhi Metro Phase 5,28.417602906081697,77.05154547638087,8.74,industrial,private_multiple,in_progress,disputed,minor_dispute,8,6,7,9,6,9,73.5,High,New Delhi,Delhi,OWNER-DMP5-144,Prototype Dataset
DMP5-145,DMP5,Delhi Metro Phase 5,28.64607013185633,77.15435734990622,14.65,industrial,private_single,not_started,approved,no_dispute,0,0,0,3,1,2,7.5,Low,New Delhi,Delhi,OWNER-DMP5-145,Prototype Dataset
DMP5-146,DMP5,Delhi Metro Phase 5,28.476048940509234,77.03549688554374,4.7,forest,disputed,not_started,disputed,court_case,7,7,7,8,9,9,75.5,Critical,New Delhi,Delhi,OWNER-DMP5-146,Prototype Dataset
DMP5-147,DMP5,Delhi Metro Phase 5,28.752956453327922,77.16070001024238,14.13,industrial,government,completed,approved,no_dispute,2,0,1,1,2,3,12.5,Low,New Delhi,Delhi,OWNER-DMP5-147,Prototype Dataset
DMP5-148,DMP5,Delhi Metro Phase 5,28.510997050511538,77.34636272314347,10.67,forest,government,completed,fully_paid,no_dispute,2,0,2,3,3,3,18.5,Low,New Delhi,Delhi,OWNER-DMP5-148,Prototype Dataset
DMP5-149,DMP5,Delhi Metro Phase 5,28.716623154672593,77.0987139651158,2.53,commercial,private_multiple,completed,not_assessed,minor_dispute,7,5,5,9,8,7,65.0,High,New Delhi,Delhi,OWNER-DMP5-149,Prototype Dataset
DMP5-150,DMP5,Delhi Metro Phase 5,28.58056499863762,77.26034084697851,6.29,agricultural,government,completed,approved,no_dispute,2,2,0,2,1,2,15.0,Low,New Delhi,Delhi,OWNER-DMP5-150,Prototype Dataset
DMP5-151,DMP5,Delhi Metro Phase 5,28.77419121029822,77.37841283235099,9.17,agricultural,government,disputed,approved,no_dispute,0,3,2,1,2,3,18.0,Low,New Delhi,Delhi,OWNER-DMP5-151,Prototype Dataset
DMP5-152,DMP5,Delhi Metro Phase 5,28.60520676705592,77.31617656617429,8.65,industrial,disputed,disputed,disputed,court_case,7,10,9,10,8,7,87.0,Critical,New Delhi,Delhi,OWNER-DMP5-152,Prototype Dataset
DMP5-153,DMP5,Delhi Metro Phase 5,28.53403472214126,77.10629982427822,2.97,industrial,private_multiple,lapsed,disputed,major_dispute,8,9,7,7,7,7,77.0,Critical,New Delhi,Delhi,OWNER-DMP5-153,Prototype Dataset
DMP5-154,DMP5,Delhi Metro Phase 5,28.636568577577705,77.34978450573553,14.59,forest,disputed,in_progress,disputed,court_case,7,9,9,9,9,7,84.0,Critical,New Delhi,Delhi,OWNER-DMP5-154,Prototype Dataset
DMP5-155,DMP5,Delhi Metro Phase 5,28.70188192616703,77.29246464045082,9.44,forest,private_multiple,disputed,not_assessed,minor_dispute,8,5,5,6,6,5,58.5,High,New Delhi,Delhi,OWNER-DMP5-155,Prototype Dataset
DMP5-156,DMP5,Delhi Metro Phase 5,28.50494525786815,77.28961400221775,7.69,industrial,government,in_progress,fully_paid,no_dispute,3,1,1,0,2,3,15.5,Low,New Delhi,Delhi,OWNER-DMP5-156,Prototype Dataset
DMP5-157,DMP5,Delhi Metro Phase 5,28.66928521821693,77.05103006935643,10.56,industrial,government,not_started,fully_paid,no_dispute,1,2,2,0,0,2,13.0,Low,New Delhi,Delhi,OWNER-DMP5-157,Prototype Dataset
DMP5-158,DMP5,Delhi Metro Phase 5,28.509408232171996,77.3252979090466,9.12,commercial,private_single,disputed,fully_paid,no_dispute,2,3,0,2,0,2,16.5,Low,New Delhi,Delhi,OWNER-DMP5-158,Prototype Dataset
DMP5-159,DMP5,Delhi Metro Phase 5,28.407260914859393,77.15813870087246,5.66,residential,private_single,not_started,assessed,no_dispute,5,2,6,3,2,2,35.5,Medium,New Delhi,Delhi,OWNER-DMP5-159,Prototype Dataset
DMP5-160,DMP5,Delhi Metro Phase 5,28.733294594555154,77.33042270026594,1.24,commercial,disputed,lapsed,disputed,court_case,8,8,9,7,10,10,84.5,Critical,New Delhi,Delhi,OWNER-DMP5-160,Prototype Dataset
DMP5-161,DMP5,Delhi Metro Phase 5,28.64247330930557,77.39891525871961,4.28,agricultural,disputed,disputed,disputed,court_case,10,7,8,7,9,9,82.0,Critical,New Delhi,Delhi,OWNER-DMP5-161,Prototype Dataset
DMP5-162,DMP5,Delhi Metro Phase 5,28.5551532023799,77.16031088625795,8.69,forest,private_multiple,completed,disputed,major_dispute,7,8,9,8,9,6,79.0,Critical,New Delhi,Delhi,OWNER-DMP5-162,Prototype Dataset
DMP5-163,DMP5,Delhi Metro Phase 5,28.482347042305808,77.3052210155608,4.84,agricultural,government,disputed,approved,no_dispute,2,3,1,2,0,3,19.5,Low,New Delhi,Delhi,OWNER-DMP5-163,Prototype Dataset
DMP5-164,DMP5,Delhi Metro Phase 5,28.403887780395813,77.3528709177012,9.12,commercial,private_single,completed,assessed,minor_dispute,3,3,3,3,3,6,33.0,Medium,New Delhi,Delhi,OWNER-DMP5-164,Prototype Dataset
DMP5-165,DMP5,Delhi Metro Phase 5,28.61601679452473,77.01950787208584,6.97,commercial,private_single,disputed,assessed,minor_dispute,4,5,2,4,3,6,39.5,Medium,New Delhi,Delhi,OWNER-DMP5-165,Prototype Dataset
DMP5-166,DMP5,Delhi Metro Phase 5,28.681033705970915,77.35049878889997,9.64,commercial,government,completed,fully_paid,no_dispute,3,2,1,3,2,2,21.5,Low,New Delhi,Delhi,OWNER-DMP5-166,Prototype Dataset
DMP5-167,DMP5,Delhi Metro Phase 5,28.49803586130431,77.22012263257022,5.3,residential,government,in_progress,fully_paid,no_dispute,0,0,2,3,0,2,10.5,Low,New Delhi,Delhi,OWNER-DMP5-167,Prototype Dataset
DMP5-168,DMP5,Delhi Metro Phase 5,28.633146798119924,77.16693647219891,12.48,agricultural,government,completed,fully_paid,no_dispute,3,1,3,2,2,1,20.5,Low,New Delhi,Delhi,OWNER-DMP5-168,Prototype Dataset
DMP5-169,DMP5,Delhi Metro Phase 5,28.664578189254517,77.3489029677284,7.47,forest,private_multiple,in_progress,disputed,major_dispute,6,7,8,7,8,7,71.0,High,New Delhi,Delhi,OWNER-DMP5-169,Prototype Dataset
DMP5-170,DMP5,Delhi Metro Phase 5,28.751289569863907,77.39064044910238,4.92,residential,private_multiple,in_progress,not_assessed,major_dispute,7,5,8,5,6,8,64.0,High,New Delhi,Delhi,OWNER-DMP5-170,Prototype Dataset
DMP5-171,DMP5,Delhi Metro Phase 5,28.519972324469823,77.3253343602888,3.46,residential,private_multiple,completed,not_assessed,minor_dispute,8,7,9,8,8,6,77.5,Critical,New Delhi,Delhi,OWNER-DMP5-171,Prototype Dataset
DMP5-172,DMP5,Delhi Metro Phase 5,28.752926687957434,77.11462105001188,6.49,residential,private_multiple,disputed,disputed,major_dispute,9,7,7,7,9,5,74.0,High,New Delhi,Delhi,OWNER-DMP5-172,Prototype Dataset
DMP5-173,DMP5,Delhi Metro Phase 5,28.787391698050758,77.12703176049354,6.86,industrial,government,completed,fully_paid,no_dispute,2,0,2,1,1,1,11.5,Low,New Delhi,Delhi,OWNER-DMP5-173,Prototype Dataset
DMP5-174,DMP5,Delhi Metro Phase 5,28.688746392898494,77.34765284405871,7.21,agricultural,private_single,lapsed,assessed,no_dispute,4,6,2,4,4,6,43.0,Medium,New Delhi,Delhi,OWNER-DMP5-174,Prototype Dataset
DMP5-175,DMP5,Delhi Metro Phase 5,28.522012989597005,77.02463613900215,10.24,commercial,disputed,not_started,disputed,court_case,7,10,7,9,7,9,82.5,Critical,New Delhi,Delhi,OWNER-DMP5-175,Prototype Dataset
DMP5-176,DMP5,Delhi Metro Phase 5,28.45678871633486,77.29254220362145,6.98,industrial,disputed,lapsed,disputed,court_case,9,9,9,7,9,10,88.0,Critical,New Delhi,Delhi,OWNER-DMP5-176,Prototype Dataset
DMP5-177,DMP5,Delhi Metro Phase 5,28.710131081079133,77.13556145060873,9.69,residential,private_single,not_started,fully_paid,no_dispute,1,3,3,1,1,2,20.0,Low,New Delhi,Delhi,OWNER-DMP5-177,Prototype Dataset
DMP5-178,DMP5,Delhi Metro Phase 5,28.62379780374229,77.32033455381784,8.98,commercial,private_multiple,lapsed,disputed,major_dispute,9,6,8,7,7,7,73.5,High,New Delhi,Delhi,OWNER-DMP5-178,Prototype Dataset
DMP5-179,DMP5,Delhi Metro Phase 5,28.72259398477474,77.09879287622806,0.75,commercial,government,lapsed,fully_paid,no_dispute,1,0,2,1,0,2,9.5,Low,New Delhi,Delhi,OWNER-DMP5-179,Prototype Dataset
DMP5-180,DMP5,Delhi Metro Phase 5,28.682104839813018,77.25561787574449,10.69,agricultural,private_single,lapsed,assessed,no_dispute,2,3,6,4,4,5,38.5,Medium,New Delhi,Delhi,OWNER-DMP5-180,Prototype Dataset
